Student_ID,Name,Gender,Branch,CGPA,10th_Percentage,12th_Percentage,Attendance,Backlogs,Internship,Projects,Certifications,Programming_Skill,Communication_Skill,Aptitude_Score,Placement_Status,Package_LPA,Graduation_Year,Application_Date
ST0205,Student_0205,Female,Civil,8.39,73.89,91.41,81.18,1,No,3.0,6,8.0,8.0,70.32,Placed,12.33,2024,2023-06-01
ST0514,Student_0514,Female,CSE,6.85,81.8,83.22,89.46,0,Yes,0.0,5,4.0,10.0,65.44,Placed,8.07,2023,2024-01-17
ST0571,Student_0571,Female,ECE,7.89,65.41,70.56,56.04,1,No,5.0,1,2.0,1.0,51.71,Not placed,,2024,2024-02-28
ST0896,Student_0896,Female,CSE,7.11,77.41,50.46,79.67,1,No,4.0,3,7.0,10.0,71.42,Not placed,0.0,2026,2024-10-27
ST1125,Student_1125,Female,IT,7.87,62.83,73.25,87.8,0,No,5.0,0,8.0,9.0,77.8,Not placed,0.0,2023,2025-04-15
ST1096,Student_1096,Female,ECE,6.51,62.65,66.43,82.11,1,No,5.0,5,4.0,5.0,53.42,Placed,11.0,2026,2025-03-25
ST0349,Student_0349,Female,Civil,6.16,74.32,58.3,74.18,0,Yes,2.0,1,2.0,2.0,65.47,Placed,7.25,2023,2023-09-16
ST1209,Student_1209,Male,CSE,8.0,68.08,68.27,94.78,0,No,1.0,6,9.0,10.0,20.07,Placed,13.05,2025,2025-06-17
ST0871,Student_0871,Male,IT,5.59,80.07,58.82,82.34,0,Yes,4.0,6,6.0,3.0,70.89,Not placed,0.0,2025,2024-10-09
ST0337,Student_0337,Male,Civil,6.74,77.91,63.81,88.6,0,No,1.0,2,1.0,8.0,72.2,Not placed,0.0,2024,2023-09-07
ST0608,Student_0608,Female,ECE,7.84,71.97,68.11,86.04,1,Yes,4.0,5,7.0,1.0,61.65,Placed,10.94,2023,
ST1535,Student_1535,Male,Civil,8.69,55.33,71.38,84.56,0,Yes,1.0,1,3.0,6.0,74.59,Placed,8.11,2023,2026-02-14
ST1381,Student_1381,Female,CSE,8.72,72.28,62.23,71.2,0,No,4.0,5,4.0,7.0,76.89,Placed,11.72,2023,2025-10-23
ST1685,Student_1685,Male,ECE,6.24,69.89,98.18,73.83,0,No,4.0,6,8.0,2.0,46.18,Placed,8.58,2026,2026-06-06
ST1772,Student_1772,Male,IT,7.37,72.83,74.34,88.47,2,No,3.0,0,5.0,2.0,54.41,Not placed,0.0,2023,2026-08-10
ST0575,Student_0575,Male,IT,7.75,72.86,51.58,68.43,1,Yes,3.0,1,4.0,3.0,54.87,Not placed,0.0,2026,2024-03-02
ST0410,Student_0410,Female,Mechanical,7.55,71.83,83.51,77.15,4,No,2.0,2,5.0,8.0,27.03,Not placed,11.69,2025,2023-11-01
ST0336,Student_0336,Female,IT,8.39,79.94,70.0,69.82,0,Yes,2.0,2,6.0,7.0,65.74,Placed,8.93,2023,2023-09-07
ST1208,Student_1208,Female,Civil,7.35,82.29,67.94,77.61,0,No,2.0,2,4.0,3.0,75.09,Placed,7.1,2025,2025-06-16
ST1236,Student_1236,Female,Civil,,84.74,78.91,75.45,0,No,0.0,0,1.0,6.0,65.43,Not placed,0.0,2024,2025-07-07
ST1788,Student_1788,Female,IT,8.05,72.38,70.28,70.03,0,Yes,4.0,2,6.0,10.0,52.53,Placed,12.08,2023,2026-08-22
ST0829,Student_0829,Male,Mechanical,8.64,68.35,80.54,74.36,0,No,2.0,1,2.0,9.0,49.61,Not placed,0.0,2026,2024-09-07
ST1184,Student_1184,Female,Civil,6.49,60.96,85.8,76.72,1,No,3.0,5,3.0,1.0,68.1,Not placed,0.0,2026,2025-05-29
ST1794,Student_1794,Male,IT,5.89,68.96,77.96,63.85,1,No,2.0,5,1.0,2.0,76.62,Placed,8.93,2024,2026-08-26
ST0655,Student_0655,Female,CSE,7.01,73.12,77.83,80.54,0,Yes,2.0,1,9.0,10.0,,Not placed,0.0,2023,2024-05-01
ST1010,Student_1010,Female,CSE,7.23,61.0,61.69,86.46,0,No,4.0,5,1.0,8.0,54.24,Placed,11.79,2023,2025-01-20
ST0072,Student_0072,Female,Civil,7.31,74.69,70.38,74.91,0,Yes,2.0,3,7.0,9.0,70.01,Not placed,0.0,2025,2023-02-22
ST0785,Student_0785,Female,CSE,8.19,75.81,,88.64,1,Yes,5.0,2,3.0,7.0,57.2,Placed,,2023,
ST0057,Student_0057,Female,ECE,6.08,80.53,71.82,69.61,1,No,5.0,6,6.0,7.0,65.54,Not placed,0.0,2025,2023-02-11
ST0793,Student_0793,Male,IT,7.31,75.26,68.95,98.08,3,No,2.0,0,3.0,7.0,71.18,Placed,9.14,2026,2024-08-12
ST0801,Student_0801,Male,Civil,8.37,63.11,79.37,77.85,3,No,2.0,3,1.0,4.0,59.72,Placed,7.9,2024,2024-08-17
ST0650,Student_0650,Male,ECE,,83.32,73.79,77.47,1,Yes,3.0,6,5.0,6.0,,Placed,11.38,2026,2024-04-27
ST0693,Student_0693,Male,CSE,7.45,66.13,87.33,85.45,1,No,4.0,5,9.0,4.0,77.93,Placed,9.36,2023,2024-05-29
ST0677,Student_0677,Female,CSE,7.42,71.55,72.1,86.12,1,No,3.0,6,5.0,5.0,71.94,Placed,10.14,2026,2024-05-17
ST0003,Student_0003,Male,CSE,8.17,83.88,84.25,80.88,2,No,5.0,1,1.0,7.0,70.41,Not placed,0.0,2025,2023-01-02
ST1386,Student_1386,Female,CSE,7.98,72.4,68.23,84.34,2,No,5.0,1,8.0,2.0,59.39,Placed,10.97,2024,2025-10-27
ST0781,Student_0781,Male,IT,6.96,68.92,90.06,70.97,0,Yes,1.0,3,1.0,6.0,61.02,Placed,10.28,2024,2024-08-03
ST1301,Student_1301,Male,Civil,7.97,93.08,57.99,76.17,0,No,3.0,2,5.0,4.0,81.58,Placed,9.85,2026,2025-08-24
ST0097,Student_0097,Female,Civil,8.92,67.19,71.8,91.02,0,Yes,3.0,6,1.0,6.0,85.99,Placed,12.42,2026,2023-03-13
ST0634,Student_0634,Male,CSE,6.87,77.19,80.52,79.78,0,No,4.0,3,2.0,8.0,35.12,Placed,9.44,2023,2024-04-15
ST0276,Student_0276,Female,ECE,8.84,68.74,82.21,74.45,2,Yes,4.0,4,4.0,3.0,71.78,Placed,10.22,2024,2023-07-24
ST1548,Student_1548,Male,CSE,7.35,74.8,72.26,68.45,0,No,3.0,5,5.0,5.0,81.16,Placed,9.81,2024,2026-02-24
ST1516,Student_1516,Female,Civil,6.39,72.78,66.08,65.16,0,Yes,2.0,2,9.0,6.0,65.19,Not placed,0.0,2024,2026-01-31
ST0883,Student_0883,Male,IT,6.21,81.59,59.51,69.42,0,Yes,3.0,0,6.0,8.0,44.28,Unknown,7.84,2024,2024-10-17
ST0158,Student_0158,Female,IT,7.25,75.8,63.82,85.43,0,Yes,4.0,5,10.0,9.0,66.61,Placed,13.38,2024,2023-04-27
ST0388,Student_0388,Male,IT,5.28,86.28,63.79,75.4,0,No,2.0,6,8.0,10.0,59.21,Placed,10.03,2025,2023-10-15
ST0664,Student_0664,Female,CSE,6.57,53.28,65.69,80.91,0,No,4.0,6,8.0,5.0,64.03,Placed,10.35,2024,2024-05-08
ST0581,Student_0581,Female,Mechanical,6.68,63.13,70.96,70.37,0,Yes,3.0,0,2.0,3.0,81.8,Not placed,0.0,2024,2024-03-07
ST0754,Student_0754,Female,IT,7.96,68.01,69.34,50.57,0,No,2.0,5,3.0,3.0,,Placed,10.58,2023,2024-07-14
ST1590,Student_1590,Female,IT,,59.97,53.1,93.77,0,No,4.0,5,8.0,7.0,62.04,Placed,11.72,2026,2026-03-27
ST1026,Student_1026,Female,CSE,5.87,61.11,46.77,81.81,2,No,4.0,4,6.0,6.0,75.29,Not placed,2.0,2024,2025-02-01
ST1552,Student_1552,Male,Civil,7.11,79.51,88.05,96.06,1,Yes,5.0,5,8.0,5.0,91.45,Placed,12.48,2023,2026-02-27
ST0954,Student_0954,Female,Mechanical,6.38,79.75,72.44,66.75,0,Yes,1.0,4,5.0,9.0,40.21,Placed,7.81,2026,2024-12-09
ST0834,Student_0834,Female,IT,6.44,78.84,89.19,75.64,0,Yes,5.0,2,2.0,9.0,67.54,Placed,7.26,2023,2024-09-11
ST0093,Student_0093,Female,CSE,8.24,56.48,60.74,71.97,3,Yes,3.0,6,9.0,7.0,65.84,Placed,9.3,2026,2023-03-10
ST1463,Student_1463,Male,CSE,9.8,76.03,72.1,78.45,0,Yes,3.0,6,1.0,5.0,84.16,Placed,,2024,2025-12-23
ST1347,Student_1347,Male,CSE,8.48,60.3,81.81,77.24,0,Yes,4.0,6,9.0,1.0,79.57,Placed,11.0,2024,2025-09-28
ST0434,Student_0434,Female,Civil,7.76,86.95,56.14,87.35,0,No,2.0,2,5.0,4.0,73.27,Placed,,2024,2023-11-19
ST0390,Student_0390,Male,CSE,6.65,71.63,69.21,84.68,0,No,0.0,6,5.0,4.0,75.7,Placed,7.21,2026,2023-10-17
ST0371,Student_0371,Female,ECE,8.07,70.76,66.53,65.12,3,Yes,1.0,1,,1.0,76.85,Not placed,0.0,2025,2023-10-03
ST0467,Student_0467,Female,Mechanical,6.89,65.99,57.26,83.27,0,Yes,3.0,6,10.0,3.0,44.23,Not placed,0.0,2026,2023-12-13
ST1031,Student_1031,Male,ECE,6.89,71.81,82.02,,2,Yes,0.0,0,4.0,2.0,82.41,Placed,5.07,2024,
ST1054,Student_1054,Male,Mechanical,7.17,73.53,70.08,86.3,0,Yes,1.0,1,10.0,4.0,52.72,Placed,11.14,2024,2025-02-22
ST1075,Student_1075,Male,CSE,6.55,82.33,63.5,86.13,0,Yes,2.0,5,7.0,2.0,56.39,Placed,10.94,2026,2025-03-09
ST0768,Student_0768,Female,Civil,9.22,87.73,86.0,83.77,1,Yes,3.0,0,2.0,6.0,52.79,Unknown,10.85,2024,2024-07-24
ST0671,Student_0671,Male,ECE,7.68,72.84,76.63,45.0,0,Yes,3.0,2,6.0,4.0,31.74,Placed,10.35,2025,
ST0850,Student_0850,Female,CSE,7.7,43.23,53.28,82.31,0,No,4.0,1,4.0,8.0,64.92,Placed,10.1,2023,2024-09-23
ST0815,Student_0815,Female,CSE,7.82,91.04,73.91,60.1,1,No,1.0,5,7.0,4.0,83.61,Placed,6.59,2026,2024-08-28
ST0462,Student_0462,Male,CSE,7.04,83.2,61.16,79.76,0,Yes,1.0,6,10.0,8.0,57.34,Placed,10.29,2023,
ST1231,Student_1231,Male,CSE,6.35,77.73,85.28,89.71,4,No,2.0,1,1.0,6.0,94.7,Not placed,0.0,2024,2025-07-03
ST1204,Student_1204,Female,ECE,8.07,79.54,72.89,61.2,0,Yes,3.0,1,1.0,7.0,88.17,Placed,10.65,2024,2025-06-13
ST0965,Student_0965,Male,Civil,6.64,64.36,78.73,70.12,0,No,0.0,2,5.0,8.0,56.83,Not placed,0.0,2024,2024-12-17
ST0533,Student_0533,Male,IT,8.1,83.43,71.26,64.97,0,No,1.0,3,5.0,2.0,61.96,Placed,8.97,2024,2024-01-31
ST0925,Student_0925,Male,ECE,9.23,86.82,67.0,68.99,0,No,2.0,0,4.0,8.0,49.38,Not placed,0.0,2024,2024-11-18
ST0663,Student_0663,Male,Mechanical,7.09,80.46,55.51,79.29,1,Yes,4.0,6,10.0,10.0,77.73,Placed,11.25,2024,2024-05-07
ST1110,Student_1110,Male,IT,8.44,78.83,70.16,73.84,2,Yes,3.0,2,8.0,10.0,37.32,Placed,9.61,2026,2025-04-04
ST1426,Student_1426,Female,Civil,7.47,83.95,50.21,90.51,0,Yes,3.0,5,7.0,1.0,61.92,Placed,10.08,2026,2025-11-25
ST1182,Student_1182,Female,CSE,7.95,100.0,87.73,75.47,0,Yes,5.0,2,4.0,7.0,62.0,Placed,8.9,2024,2025-05-28
ST0592,Student_0592,Female,IT,6.99,85.74,72.92,68.2,4,No,5.0,2,5.0,2.0,45.3,Not placed,0.0,2025,2024-03-15
ST0339,Student_0339,Female,Civil,8.18,63.79,82.54,68.45,0,No,1.0,0,5.0,7.0,57.43,Not placed,0.0,2025,2023-09-09
ST0212,Student_0212,Male,CSE,,91.38,81.49,78.59,0,No,3.0,6,5.0,1.0,83.96,Not placed,0.0,2026,2023-06-06
ST0827,Student_0827,Male,ECE,8.43,60.03,71.81,79.43,1,No,3.0,0,7.0,10.0,81.3,Placed,11.11,2023,2024-09-06
ST1089,Student_1089,Female,IT,6.76,76.55,72.97,86.94,0,Yes,4.0,1,,1.0,46.79,Not placed,0.0,2025,2025-03-20
ST0684,Student_0684,Female,IT,7.18,69.88,76.65,70.22,4,No,2.0,1,9.0,9.0,32.86,Not placed,0.0,2024,2024-05-22
ST1413,Student_1413,Male,IT,8.38,57.98,73.38,78.55,1,No,4.0,5,4.0,1.0,55.99,Placed,10.4,2026,2025-11-16
ST1099,Student_1099,Female,CSE,8.28,87.88,71.1,86.47,2,No,1.0,5,9.0,3.0,59.22,Placed,10.26,2026,2025-03-27
ST1346,Student_1346,Male,ECE,6.22,82.83,86.8,76.67,0,Yes,2.0,4,2.0,3.0,38.88,Placed,8.51,2024,2025-09-27
ST1719,Student_1719,Female,Mechanical,7.35,89.48,86.61,93.3,0,No,3.0,0,9.0,5.0,75.13,Placed,10.44,2026,2026-07-01
ST0559,Student_0559,Female,CSE,8.26,83.81,88.94,84.4,0,Yes,3.0,0,7.0,5.0,70.38,Placed,11.35,2026,2024-02-20
ST0979,Student_0979,Female,CSE,7.95,77.68,89.08,74.0,0,Yes,3.0,5,6.0,2.0,50.82,Unknown,10.65,2025,2024-12-28
ST1112,Student_1112,Male,CSE,10.0,58.08,66.78,72.3,0,No,1.0,3,10.0,6.0,93.45,Placed,11.71,2024,2025-04-06
ST1544,Student_1544,Unknown,Mechanical,8.32,70.0,70.52,94.9,1,Yes,3.0,1,3.0,1.0,75.86,Placed,11.43,2025,2026-02-21
ST0597,Student_0597,Male,ECE,8.51,61.12,67.31,88.79,1,Unknown,5.0,2,10.0,5.0,73.86,Not placed,11.6,2026,2024-03-19
ST0478,Student_0478,Female,ECE,,71.15,74.42,94.98,0,No,0.0,0,3.0,5.0,52.32,Placed,8.47,2024,2023-12-21
ST0026,Student_0026,Unknown,CSE,6.88,68.89,61.54,82.64,2,No,2.0,6,10.0,2.0,62.87,Placed,11.41,2026,
ST1453,Student_1453,Female,ECE,9.42,65.91,81.03,79.01,1,No,3.0,3,8.0,4.0,49.98,Placed,8.84,2024,2025-12-15
ST0146,Student_0146,Male,ECE,,76.13,62.22,72.58,0,No,2.0,4,9.0,10.0,77.32,Placed,8.55,2024,2023-04-18
ST1641,Student_1641,Female,ECE,8.5,74.97,75.3,69.01,0,No,4.0,6,8.0,6.0,58.89,Placed,10.73,2023,2026-05-04
ST1191,Student_1191,Male,Mechanical,7.7,61.19,75.83,76.9,1,Yes,2.0,4,4.0,6.0,60.45,Not placed,0.0,2025,2025-06-04
ST1051,Student_1051,Female,CSE,8.48,63.02,86.22,81.74,0,Yes,2.0,3,9.0,9.0,88.76,Not placed,9.39,2023,2025-02-19
ST0113,Student_0113,Female,Civil,9.48,58.84,56.57,75.57,0,No,2.0,5,9.0,3.0,75.67,Placed,10.06,2023,2023-03-25
ST1575,Student_1575,Female,ECE,7.36,70.16,78.02,70.09,0,No,3.0,6,4.0,6.0,68.5,Placed,8.36,2023,2026-03-16
ST1628,Student_1628,Male,Civil,9.54,85.49,70.46,85.74,0,Yes,1.0,1,8.0,7.0,69.41,Not placed,0.0,2025,2026-04-25
ST1789,Student_1789,Male,IT,8.45,,46.83,75.36,0,No,4.0,2,7.0,9.0,76.91,Placed,12.88,2025,2026-08-22
ST0712,Student_0712,Female,ECE,5.98,76.29,71.59,79.9,0,Yes,0.0,1,9.0,2.0,54.06,Placed,11.13,2023,2024-06-12
ST1745,Student_1745,Unknown,CSE,6.76,61.81,71.95,73.49,0,No,3.0,6,8.0,7.0,64.89,Placed,9.64,2026,2026-07-21
ST1198,Student_1198,Male,ECE,6.91,74.86,60.56,89.07,4,No,5.0,6,1.0,8.0,71.66,Not placed,0.0,2026,2025-06-09
ST0314,Student_0314,Male,Mechanical,8.19,81.99,69.08,76.05,0,Yes,2.0,3,4.0,1.0,69.42,Placed,11.38,2026,
ST1485,Student_1485,Male,IT,8.19,67.91,73.15,77.86,0,Yes,2.0,0,4.0,8.0,72.18,Not placed,0.0,2026,2026-01-08
ST1472,Student_1472,Female,Mechanical,6.78,71.03,73.72,90.73,0,Yes,4.0,3,4.0,7.0,83.93,Placed,9.77,2026,2025-12-30
ST1724,Student_1724,Female,Civil,6.39,86.28,84.24,66.85,1,No,3.0,5,2.0,3.0,66.51,Not placed,0.0,2023,2026-07-05
ST1197,Student_1197,Female,ECE,7.5,72.26,73.23,100.0,0,Yes,0.0,3,7.0,10.0,70.66,Placed,9.83,2023,2025-06-08
ST1292,Student_1292,Male,Civil,7.42,75.13,55.12,93.43,0,No,5.0,0,8.0,2.0,47.19,Placed,9.18,2023,2025-08-18
ST0541,Student_0541,Male,Civil,6.8,78.23,69.01,89.48,1,No,3.0,6,3.0,7.0,43.05,Placed,60.0,2023,2024-02-06
ST1310,Student_1310,Female,Civil,7.79,83.38,64.39,85.92,0,No,0.0,6,7.0,7.0,79.77,Placed,10.67,2024,2025-08-31
ST1762,Student_1762,Male,Civil,8.08,57.54,64.48,83.36,1,No,2.0,1,6.0,7.0,73.53,Placed,11.12,2024,
ST1276,Student_1276,Female,Mechanical,4.97,83.27,81.55,59.86,0,Yes,3.0,4,6.0,5.0,55.44,Placed,9.39,2024,2025-08-06
ST1547,Student_1547,Female,CSE,7.57,73.17,61.4,76.64,2,No,4.0,2,3.0,4.0,47.58,Placed,9.64,2023,2026-02-23
ST0974,Student_0974,Male,Mechanical,8.57,71.27,57.6,77.37,3,No,3.0,2,7.0,2.0,79.31,Not placed,0.0,2025,2024-12-24
ST0674,Student_0674,Female,Civil,6.5,88.12,78.55,71.99,4,No,5.0,4,10.0,5.0,49.16,Not placed,0.0,2024,2024-05-15
ST1119,Student_1119,Male,CSE,7.73,86.22,100.0,83.47,0,Yes,0.0,4,6.0,9.0,55.13,Placed,10.01,2025,2025-04-11
ST0493,Student_0493,Male,CSE,7.58,87.55,72.04,61.88,1,Yes,4.0,5,10.0,9.0,83.15,Placed,9.21,2025,2024-01-01
ST0835,Student_0835,Male,CSE,8.72,65.06,72.76,88.78,1,Yes,4.0,2,3.0,4.0,66.81,Placed,9.12,2025,2024-09-12
ST0241,Student_0241,Female,Mechanical,7.34,59.57,83.73,88.91,0,Yes,3.0,4,8.0,6.0,,Placed,8.16,2026,2023-06-28
ST0247,Student_0247,Male,Mechanical,7.14,74.91,91.19,90.4,2,No,3.0,4,3.0,3.0,47.59,Not placed,0.0,2024,2023-07-02
ST1683,Student_1683,Male,ECE,6.64,85.39,70.5,92.13,0,No,0.0,4,2.0,2.0,57.13,Not placed,0.0,2025,2026-06-04
ST0902,Student_0902,Female,Mechanical,6.84,63.14,78.03,79.21,3,Yes,4.0,5,5.0,5.0,68.16,Not placed,0.0,2025,2024-11-01
ST0810,Student_0810,Male,ECE,7.11,82.01,61.74,78.29,0,No,0.0,0,8.0,3.0,72.4,Placed,11.31,2023,2024-08-24
ST1159,Student_1159,Female,ECE,6.87,75.85,66.03,100.0,0,No,3.0,6,9.0,2.0,34.34,Placed,7.65,2024,2025-05-11
ST1445,Student_1445,Male,Civil,6.23,79.32,88.12,88.17,0,Yes,4.0,5,5.0,1.0,59.19,Not placed,,2024,2025-12-09
ST0391,Student_0391,Male,IT,7.68,74.8,71.74,93.11,4,Yes,3.0,0,9.0,10.0,75.99,Placed,8.88,2026,2023-10-18
ST0804,Student_0804,Male,ECE,8.46,79.73,86.81,87.12,0,No,5.0,6,5.0,9.0,66.03,Placed,12.05,2025,2024-08-20
ST0296,Student_0296,Female,Civil,8.01,80.2,74.28,91.66,2,No,4.0,2,8.0,9.0,68.64,Placed,11.17,2026,2023-08-08
ST1028,Student_1028,Male,IT,7.61,85.6,78.41,100.0,0,No,2.0,4,2.0,4.0,49.52,Not placed,0.0,2023,2025-02-02
ST0639,Student_0639,Female,CSE,6.98,89.52,63.97,72.47,0,Yes,2.0,6,9.0,8.0,86.22,Placed,12.29,2024,2024-04-19
ST1749,Student_1749,Male,IT,5.97,78.6,94.1,75.37,0,Yes,2.0,5,3.0,5.0,59.12,Placed,7.43,2026,2026-07-24
ST1296,Student_1296,Female,IT,8.56,64.27,77.39,66.34,0,Yes,2.0,6,4.0,7.0,84.38,Placed,10.16,2024,2025-08-21
ST0135,Student_0135,Male,CSE,8.18,65.08,66.77,88.93,1,Yes,5.0,4,5.0,7.0,45.62,Placed,10.47,2026,2023-04-10
ST1464,Student_1464,Male,IT,6.02,76.49,83.9,61.87,3,Yes,2.0,2,5.0,2.0,72.66,Placed,10.21,2023,2025-12-24
ST0432,Student_0432,Female,Mechanical,7.59,66.75,82.59,96.37,0,No,5.0,2,3.0,2.0,74.29,Placed,12.19,2025,2023-11-17
ST1061,Student_1061,Male,CSE,7.09,54.01,72.03,94.55,0,No,0.0,1,2.0,2.0,92.81,Not placed,0.0,2026,2025-02-27
ST0662,Student_0662,Male,CSE,6.94,76.96,72.96,75.9,0,No,5.0,0,10.0,3.0,75.48,Placed,9.87,2026,2024-05-06
ST0554,Student_0554,Female,ECE,8.23,80.53,84.21,,1,No,4.0,1,10.0,3.0,91.85,Placed,11.28,2025,2024-02-16
ST1397,Student_1397,Male,Unknown,7.3,69.82,73.25,66.49,2,Yes,3.0,4,9.0,5.0,58.38,Not placed,0.0,2026,2025-11-04
ST0733,Student_0733,Male,ECE,6.4,69.34,71.15,78.11,1,Yes,3.0,2,5.0,2.0,36.48,Not placed,0.0,2026,2024-06-28
ST0726,Student_0726,Unknown,ECE,6.99,96.55,61.95,94.27,1,Yes,3.0,5,5.0,3.0,46.69,Not placed,,2025,2024-06-23
ST1775,Student_1775,Male,Civil,9.11,71.57,65.66,89.95,0,Yes,1.0,1,5.0,9.0,79.27,Placed,10.54,2026,2026-08-12
ST1425,Student_1425,Female,Mechanical,5.66,69.6,68.76,77.18,0,Yes,4.0,4,10.0,1.0,66.82,Placed,9.04,2025,2025-11-25
ST1576,Student_1576,Male,Civil,7.81,83.42,40.0,76.57,0,No,3.0,2,2.0,3.0,62.58,Placed,11.71,2024,2026-03-17
ST0085,Student_0085,Male,Unknown,7.03,74.21,46.21,95.05,1,No,4.0,2,3.0,5.0,51.71,Not placed,0.0,2024,2023-03-04
ST1016,Student_1016,Female,Mechanical,7.97,85.4,62.86,99.26,0,Yes,4.0,1,5.0,4.0,66.6,Not placed,0.0,2024,2025-01-24
ST0503,Student_0503,Male,CSE,7.7,77.27,70.98,94.11,0,No,0.0,2,3.0,4.0,41.87,Not placed,0.0,2025,2024-01-09
ST0596,Student_0596,Female,ECE,,86.44,57.46,88.85,0,Unknown,4.0,3,1.0,4.0,73.38,Placed,8.88,2025,2024-03-18
ST1791,Student_1791,Male,ECE,9.36,70.66,83.84,75.51,0,No,3.0,6,5.0,2.0,75.28,Placed,12.26,2026,
ST0248,Student_0248,Male,ECE,6.17,78.07,79.85,69.81,0,No,0.0,1,5.0,3.0,86.48,Placed,9.73,2025,2023-07-03
ST0672,Student_0672,Female,CSE,,84.37,64.05,,0,Yes,2.0,0,3.0,5.0,54.04,Not placed,0.0,2023,2024-05-14
ST0038,Student_0038,Male,Civil,6.24,56.1,72.12,67.75,1,Yes,3.0,5,,10.0,81.84,Placed,35.0,2026,2023-01-28
ST0519,Student_0519,Female,IT,7.52,79.81,54.36,67.07,1,Yes,2.0,3,8.0,8.0,44.98,Not placed,0.0,2024,
ST0397,Student_0397,Female,CSE,7.92,69.04,85.89,70.94,0,No,0.0,6,5.0,5.0,57.3,Not placed,0.0,2026,2023-10-22
ST0620,Student_0620,Male,Civil,7.3,72.69,65.07,74.41,1,No,4.0,6,9.0,4.0,77.85,Placed,10.84,2026,2024-04-05
ST1656,Student_1656,Male,Civil,6.95,67.76,76.46,79.34,1,No,2.0,1,6.0,8.0,62.18,Not placed,0.0,2026,2026-05-15
ST0900,Student_0900,Male,CSE,7.53,64.49,77.84,74.67,0,No,5.0,1,8.0,2.0,94.94,Not placed,0.0,2024,2024-10-30
ST0002,Student_0002,Female,CSE,7.52,90.28,73.47,86.17,1,No,4.0,5,7.0,2.0,72.76,Placed,11.3,2023,2023-01-01
ST0572,Student_0572,Male,Mechanical,8.59,61.47,57.15,73.21,2,No,3.0,4,2.0,3.0,64.66,Placed,10.47,2026,2024-02-29
ST1173,Student_1173,Male,CSE,7.72,77.48,77.65,65.57,0,Yes,3.0,5,2.0,4.0,77.88,Placed,11.71,2025,2025-05-21
ST1695,Student_1695,Male,CSE,6.83,92.16,53.26,65.06,0,Yes,1.0,2,3.0,,65.86,Not placed,0.0,2023,2026-06-13
ST0943,Student_0943,Female,IT,7.7,62.55,77.06,73.42,1,No,0.0,5,9.0,10.0,75.56,Placed,13.09,2026,2024-12-01
ST0168,Student_0168,Male,CSE,8.9,69.1,84.9,65.91,3,No,0.0,1,2.0,9.0,51.4,Not placed,0.0,2026,2023-05-05
ST0800,Student_0800,Male,ECE,8.49,75.19,64.17,78.75,2,No,2.0,6,6.0,2.0,54.85,Placed,9.63,2024,2024-08-17
ST0984,Student_0984,Male,Mechanical,6.29,76.58,76.13,84.8,2,No,4.0,0,4.0,6.0,,Not placed,0.0,2025,2025-01-01
ST0579,Student_0579,Female,Mechanical,7.15,81.58,72.25,91.07,1,No,0.0,2,5.0,9.0,87.94,Placed,7.88,2025,2024-03-05
ST0151,Student_0151,Unknown,Civil,5.77,81.34,46.56,85.33,0,No,4.0,1,5.0,8.0,72.8,Placed,8.87,2024,2023-04-22
ST1170,Student_1170,Male,IT,8.64,75.68,56.78,68.2,0,Yes,4.0,6,1.0,4.0,91.96,Placed,11.76,2024,2025-05-19
ST0567,Student_0567,Female,Civil,8.58,66.95,62.78,92.54,3,Yes,4.0,5,12.0,2.0,74.15,Not placed,0.0,2025,2024-02-25
ST1243,Student_1243,Male,Mechanical,8.95,70.85,94.03,72.12,0,No,1.0,0,9.0,1.0,96.44,Placed,11.78,2026,2025-07-12
ST1333,Student_1333,Male,Civil,7.66,77.72,65.18,75.74,0,No,3.0,6,2.0,5.0,64.78,Placed,10.26,2024,2025-09-17
ST0593,Student_0593,Male,CSE,6.44,79.96,68.73,84.19,0,Yes,1.0,6,10.0,7.0,86.88,Placed,7.53,2026,2024-03-16
ST0049,Student_0049,Female,Civil,9.52,80.68,73.32,74.38,4,Yes,0.0,0,7.0,9.0,71.16,Placed,,2024,2023-02-05
ST0380,Student_0380,Male,IT,6.18,70.35,65.01,87.83,1,Yes,2.0,2,4.0,7.0,79.8,Not placed,0.0,2024,2023-10-09
ST1777,Student_1777,Female,IT,8.83,84.74,75.26,88.3,0,No,1.0,6,3.0,2.0,57.25,Placed,10.5,2026,2026-08-13
ST0997,Student_0997,Male,ECE,5.59,70.51,64.12,76.76,0,No,4.0,3,10.0,2.0,84.63,Placed,8.65,2026,2025-01-10
ST0686,Student_0686,Female,CSE,8.31,71.9,65.52,82.4,3,Yes,4.0,1,1.0,4.0,78.96,Placed,11.3,2026,2024-05-24
ST1477,Student_1477,Male,IT,6.72,59.68,76.09,77.97,0,No,5.0,1,8.0,6.0,36.23,Placed,10.3,2023,2026-01-02
ST0904,Student_0904,Male,CSE,6.52,81.2,64.61,87.41,3,Yes,2.0,2,5.0,5.0,80.13,Not placed,0.0,2026,2024-11-02
ST1278,Student_1278,Male,ECE,7.63,69.94,87.89,79.7,0,Yes,0.0,2,10.0,1.0,75.43,Placed,10.8,2025,2025-08-07
ST0574,Student_0574,Female,IT,8.52,79.13,85.4,61.25,0,Yes,0.0,2,1.0,6.0,71.94,Placed,10.69,2024,2024-03-02
ST0657,Student_0657,Male,ECE,6.73,85.22,72.73,85.57,0,No,4.0,1,2.0,9.0,54.64,Not placed,0.0,2024,2024-05-02
ST0701,Student_0701,Female,CSE,,59.55,66.08,80.06,1,No,2.0,3,3.0,9.0,69.16,Placed,6.03,2024,2024-06-04
ST0440,Student_0440,Male,CSE,7.27,77.23,77.82,91.33,0,No,5.0,4,10.0,3.0,70.91,Placed,11.16,2025,2023-11-23
ST1622,Student_1622,Female,CSE,7.83,79.07,74.39,82.32,1,No,4.0,4,9.0,9.0,55.77,Not placed,0.0,2025,2026-04-20
ST1585,Student_1585,Female,IT,8.51,86.96,60.7,80.14,1,No,2.0,3,4.0,,61.93,Placed,8.88,2023,2026-03-24
ST0061,Student_0061,Male,CSE,5.9,58.11,55.12,71.54,0,No,3.0,4,10.0,6.0,82.86,Placed,9.78,2024,2023-02-14
ST0393,Student_0393,Female,ECE,7.87,87.2,64.62,67.4,1,Yes,2.0,6,3.0,9.0,60.57,Placed,8.83,2025,2023-10-19
ST1217,Student_1217,Female,IT,7.22,73.76,52.78,79.01,1,Yes,2.0,0,4.0,10.0,49.52,Placed,8.75,2024,2025-06-23
ST0694,Student_0694,Female,CSE,6.09,82.72,74.51,84.49,0,No,4.0,6,9.0,8.0,63.33,Placed,10.4,2023,2024-05-30
ST0169,Student_0169,Male,IT,8.15,73.68,73.41,85.45,0,Yes,3.0,3,1.0,3.0,71.54,Placed,12.26,2026,2023-05-05
ST1733,Student_1733,Male,CSE,7.49,75.07,60.01,,2,Yes,4.0,3,6.0,3.0,100.0,Placed,10.16,2026,2026-07-12
ST0622,Student_0622,Female,Civil,9.07,83.39,61.58,74.56,0,Yes,4.0,4,5.0,8.0,84.19,Placed,10.7,2026,2024-04-06
ST0103,Student_0103,Female,Civil,5.53,63.49,60.86,89.65,0,No,3.0,0,7.0,9.0,58.92,Not placed,0.0,2025,2023-03-17
ST0690,Student_0690,Female,Mechanical,5.57,73.94,70.48,66.67,4,Yes,1.0,1,3.0,,69.73,Placed,6.54,2024,2024-05-27
ST1668,Student_1668,Male,CSE,7.71,72.23,74.57,94.14,0,No,5.0,2,9.0,10.0,80.63,Placed,11.61,2023,2026-05-24
ST0538,Student_0538,Male,Mechanical,6.27,79.18,83.66,89.26,0,Yes,0.0,3,9.0,1.0,69.11,Placed,9.96,2023,2024-02-04
ST0988,Student_0988,Female,CSE,6.74,71.24,72.11,93.88,0,No,5.0,6,4.0,7.0,73.51,Placed,,2026,2025-01-04
ST1288,Student_1288,Female,Mechanical,7.71,69.93,63.61,80.81,0,Yes,3.0,3,10.0,9.0,87.35,Placed,10.93,2025,2025-08-15
ST1295,Student_1295,Female,CSE,5.72,100.0,85.51,88.84,0,No,2.0,3,8.0,5.0,77.81,Placed,9.12,2024,2025-08-20
ST0466,Student_0466,Male,CSE,5.25,61.42,71.36,100.0,0,Yes,2.0,2,8.0,8.0,90.04,Placed,6.62,2024,2023-12-12
ST0950,Student_0950,Male,ECE,7.25,84.68,66.95,66.52,1,No,4.0,4,4.0,2.0,,Placed,11.2,2026,2024-12-06
ST1479,Student_1479,Female,IT,6.15,72.95,59.03,,0,No,2.0,0,7.0,6.0,47.28,Not placed,0.0,2025,2026-01-04
ST0728,Student_0728,Male,ECE,7.27,65.59,83.96,82.29,2,Yes,4.0,4,3.0,9.0,49.36,Unknown,11.53,2026,2024-06-24
ST1237,Student_1237,Male,CSE,6.97,69.96,66.64,90.16,2,No,1.0,0,8.0,7.0,79.69,Placed,11.58,2024,2025-07-08
ST1511,Student_1511,Male,ECE,7.0,68.98,80.57,82.17,0,No,1.0,0,1.0,10.0,77.71,Placed,7.11,2024,2026-01-28
ST1316,Student_1316,Female,IT,6.36,74.87,66.89,72.6,0,No,3.0,1,10.0,4.0,53.28,Not placed,9.25,2026,2025-09-05
ST1625,Student_1625,Female,Mechanical,6.81,74.36,87.42,77.05,0,Unknown,3.0,6,,9.0,54.46,Placed,10.83,2024,2026-04-22
ST0344,Student_0344,Female,Mechanical,6.12,64.2,77.98,71.0,1,No,9.0,6,8.0,3.0,72.07,Not placed,0.0,2025,2023-09-13
ST0316,Student_0316,Female,CSE,7.76,59.57,68.42,94.65,1,No,4.0,5,10.0,9.0,67.73,Placed,10.16,2024,2023-08-23
ST0088,Student_0088,Male,IT,7.43,81.96,74.94,95.95,0,No,1.0,6,8.0,2.0,42.94,Placed,8.8,2024,2023-03-06
ST0254,Student_0254,Male,ECE,7.45,69.15,77.32,100.0,2,Yes,4.0,1,8.0,7.0,60.12,Placed,7.79,2026,2023-07-08
ST1627,Student_1627,Male,CSE,7.6,75.76,76.37,83.13,2,No,3.0,5,7.0,7.0,85.68,Placed,9.12,2023,2026-04-24
ST0032,Student_0032,Male,Mechanical,7.75,93.9,78.68,,1,No,3.0,0,2.0,5.0,74.66,Placed,9.55,2023,2023-01-24
ST0935,Student_0935,Female,Mechanical,5.99,74.24,65.08,89.89,0,No,0.0,4,1.0,8.0,54.27,Placed,10.61,2025,2024-11-25
ST1543,Student_1543,Female,Mechanical,6.36,71.27,82.95,64.02,0,Yes,4.0,5,2.0,2.0,77.56,Placed,11.1,2023,2026-02-20
ST1045,Student_1045,Female,Mechanical,6.5,60.28,60.93,78.55,0,Yes,3.0,6,3.0,4.0,41.83,Not placed,0.0,2026,2025-02-15
ST0853,Student_0853,Male,CSE,8.23,58.09,70.03,80.93,0,Yes,4.0,3,2.0,6.0,71.91,Placed,11.68,2023,2024-09-25
ST1050,Student_1050,Male,IT,8.02,52.8,71.19,84.31,2,No,3.0,5,5.0,7.0,74.35,Placed,11.51,2026,2025-02-19
ST0642,Student_0642,Female,CSE,6.75,72.01,70.93,92.64,1,No,2.0,3,1.0,6.0,60.69,Placed,7.41,2025,2024-04-21
ST1754,Student_1754,Male,CSE,6.61,75.48,69.57,87.02,1,No,4.0,0,5.0,2.0,81.55,Not placed,0.0,2026,2026-07-27
ST0233,Student_0233,Female,CSE,5.98,72.31,73.38,69.74,1,Yes,4.0,2,5.0,1.0,57.47,Not placed,0.0,2023,2023-06-22
ST0474,Student_0474,Female,IT,6.31,78.49,93.54,87.15,2,No,2.0,2,2.0,10.0,64.27,Not placed,0.0,2024,2023-12-18
ST0095,Student_0095,Female,IT,6.85,68.21,66.43,100.0,2,No,0.0,2,5.0,6.0,80.67,Placed,10.26,2023,2023-03-11
ST0100,Student_0100,Male,IT,8.51,83.02,87.98,83.95,0,No,5.0,0,1.0,5.0,57.54,Not placed,0.0,2025,2023-03-15
ST1742,Student_1742,Female,CSE,7.66,75.46,69.63,92.78,0,Yes,5.0,4,5.0,8.0,55.21,Not placed,9.44,2023,2026-07-18
ST0022,Student_0022,Male,IT,9.16,66.66,59.44,99.17,1,No,3.0,2,3.0,5.0,52.56,Placed,10.49,2024,2023-01-16
ST0133,Student_0133,Male,CSE,8.74,65.49,69.32,73.27,2,Yes,2.0,0,9.0,2.0,36.18,Not placed,0.0,2025,2023-04-09
ST0644,Student_0644,Male,CSE,5.95,69.16,87.02,72.16,0,Yes,3.0,3,2.0,4.0,93.12,Placed,7.11,2025,2024-04-23
ST0304,Student_0304,Female,IT,7.33,80.04,63.2,77.3,3,Yes,0.0,3,9.0,8.0,45.49,Placed,8.82,2025,2023-08-14
ST0844,Student_0844,Male,CSE,9.49,75.19,67.83,55.59,0,Yes,4.0,6,1.0,5.0,70.19,Placed,12.59,2026,2024-09-18
ST0681,Student_0681,Female,CSE,7.38,75.68,77.83,86.23,0,Yes,3.0,5,9.0,3.0,59.32,Placed,,2023,2024-05-20
ST0607,Student_0607,Male,ECE,7.16,77.17,80.6,70.91,0,Yes,2.0,1,2.0,8.0,71.78,Not placed,0.0,2026,2024-03-26
ST0570,Student_0570,Male,Mechanical,8.83,63.06,66.56,81.66,3,Yes,2.0,4,4.0,10.0,74.9,Placed,8.66,2025,2024-02-28
ST0164,Student_0164,Female,IT,6.69,77.22,56.28,78.4,0,Yes,2.0,0,3.0,3.0,76.02,Placed,,2025,2023-05-02
ST0988,Student_0988,Female,CSE,6.74,71.24,72.11,92.88,0,No,5.0,6,4.0,7.0,73.51,Placed,,2026,2025-01-04
ST1003,Student_1003,Male,Mechanical,5.77,90.34,74.62,84.8,3,Yes,3.0,1,10.0,4.0,33.8,Placed,8.65,2024,2025-01-15
ST0409,Student_0409,Female,IT,6.25,54.37,73.48,94.95,1,Yes,4.0,3,3.0,3.0,67.22,Placed,8.54,2023,2023-10-31
ST0508,Student_0508,Male,Mechanical,8.44,72.27,73.58,,0,Yes,2.0,1,1.0,2.0,,Not placed,0.0,2026,2024-01-13
ST0807,Student_0807,Female,ECE,6.9,67.09,62.54,70.3,0,No,1.0,3,3.0,7.0,70.73,Not placed,0.0,2023,2024-08-22
ST0669,Student_0669,Male,ECE,7.14,79.22,82.68,100.0,2,No,2.0,2,8.0,10.0,93.01,Placed,10.66,2024,
ST1245,Student_1245,Male,IT,5.82,80.5,87.84,94.34,1,No,3.0,1,7.0,9.0,47.7,Placed,10.67,2026,2025-07-14
ST0274,Student_0274,Female,CSE,7.23,65.3,66.97,81.92,0,No,3.0,4,4.0,10.0,77.49,Placed,9.3,2025,2023-07-23
ST1133,Student_1133,Female,IT,6.6,71.65,94.27,87.96,0,Yes,5.0,1,7.0,9.0,72.53,Placed,11.93,2026,2025-04-21
ST1055,Student_1055,Male,Civil,6.72,80.65,80.53,77.34,1,Yes,1.0,3,7.0,8.0,95.33,Not placed,0.0,2026,2025-02-22
ST1101,Student_1101,Male,CSE,7.08,62.64,77.87,66.72,0,Yes,4.0,3,2.0,9.0,69.28,Not placed,0.0,2024,2025-03-29
ST0982,Student_0982,Female,Civil,7.22,88.25,88.72,85.85,0,Yes,3.0,2,8.0,5.0,85.0,Not placed,0.0,2025,2024-12-30
ST0771,Student_0771,Male,IT,7.45,65.07,86.5,94.54,0,Yes,5.0,4,,6.0,43.67,Placed,7.19,2024,2024-07-26
ST1378,Student_1378,Male,ECE,7.44,66.48,71.36,64.62,0,Yes,5.0,6,10.0,10.0,77.7,Placed,12.18,2023,2025-10-21
ST0027,Student_0027,Female,Unknown,7.12,74.07,79.27,93.14,0,No,2.0,3,10.0,7.0,69.51,Placed,11.17,2025,2023-01-20
ST0557,Student_0557,Female,ECE,7.97,79.21,61.56,60.15,0,Yes,1.0,4,8.0,8.0,59.46,Placed,12.33,2023,2024-02-18
ST0034,Student_0034,Female,ECE,8.64,82.69,57.55,88.73,0,No,3.0,4,1.0,7.0,74.78,Not placed,0.0,2026,2023-01-25
ST1155,Student_1155,Female,Mechanical,5.94,84.56,74.98,89.72,0,Yes,4.0,3,5.0,5.0,68.03,Not placed,10.83,2025,2025-05-08
ST1275,Student_1275,Male,CSE,7.94,98.82,80.78,84.0,0,No,3.0,3,10.0,10.0,83.42,Placed,13.97,2023,
ST0502,Student_0502,Male,CSE,7.96,52.7,69.0,95.02,0,Yes,2.0,4,6.0,5.0,54.51,Placed,13.21,2024,2024-01-08
ST1136,Student_1136,Male,IT,9.44,72.95,84.34,88.6,2,No,3.0,3,2.0,5.0,26.7,Not placed,0.0,2024,2025-04-24
ST1459,Student_1459,Female,ECE,8.74,61.69,69.89,95.2,1,No,3.0,3,4.0,6.0,100.0,Placed,14.47,2023,
ST0282,Student_0282,Female,IT,9.04,69.62,77.91,78.22,1,No,0.0,5,2.0,4.0,80.49,Not placed,0.0,2024,2023-07-28
ST0720,Student_0720,Female,Mechanical,6.96,72.71,76.7,86.77,0,Yes,1.0,1,8.0,6.0,,Not placed,0.0,2024,2024-06-18
ST0430,Student_0430,Female,IT,8.42,81.8,55.79,76.2,1,Yes,3.0,2,7.0,4.0,55.93,Placed,13.0,2025,2023-11-16
ST0539,Student_0539,Male,CSE,8.05,76.07,83.64,80.34,1,Yes,3.0,0,9.0,10.0,83.61,Not placed,0.0,2024,2024-02-05
ST1735,Student_1735,Male,Mechanical,7.13,70.12,96.22,70.67,0,No,4.0,3,3.0,2.0,54.13,Placed,11.2,2023,2026-07-13
ST1513,Student_1513,Male,IT,6.51,66.49,63.61,84.03,0,No,1.0,4,8.0,7.0,55.18,Not placed,0.0,2024,2026-01-29
ST1756,Student_1756,Female,IT,8.04,60.06,66.1,54.78,0,Yes,2.0,2,2.0,1.0,72.38,Not placed,0.0,2025,2026-07-29
ST0890,Student_0890,Male,ECE,8.05,72.2,70.52,74.9,0,No,5.0,6,7.0,9.0,53.28,Placed,9.89,2023,2024-10-23
ST0060,Student_0060,Male,Mechanical,8.09,67.25,74.04,81.7,0,No,1.0,2,6.0,9.0,64.9,Not placed,,2026,2023-02-13
ST0589,Student_0589,Female,IT,6.91,78.48,83.53,77.68,1,Yes,0.0,6,9.0,7.0,63.08,Placed,9.83,2023,2024-03-13
ST0971,Student_0971,Female,Mechanical,6.79,71.08,86.1,100.0,1,No,3.0,0,2.0,5.0,69.25,Not placed,0.0,2026,2024-12-22
ST0291,Student_0291,Male,CSE,8.55,51.08,75.74,85.99,0,No,1.0,3,6.0,4.0,81.85,Placed,10.8,2025,2023-08-04
ST0172,Student_0172,Male,CSE,6.5,67.21,45.25,68.87,0,No,3.0,5,6.0,9.0,73.17,Placed,9.64,2025,2023-05-08
ST1391,Student_1391,Female,ECE,8.0,77.23,68.21,96.83,0,No,5.0,4,4.0,4.0,52.94,Placed,13.56,2026,2025-10-30
ST0255,Student_0255,Male,ECE,7.53,70.21,90.49,81.93,0,No,2.0,4,3.0,5.0,62.12,Placed,,2024,2023-07-08
ST0964,Student_0964,Male,ECE,7.92,73.76,78.13,74.45,1,Yes,1.0,0,1.0,7.0,69.66,Placed,8.05,2023,2024-12-17
ST1434,Student_1434,Female,ECE,8.69,65.72,58.27,77.72,0,No,5.0,3,7.0,9.0,20.0,Not placed,0.0,2024,2025-12-01
ST1049,Student_1049,Male,IT,8.48,78.9,82.07,57.44,1,No,2.0,2,2.0,5.0,70.16,Not placed,0.0,2023,2025-02-18
ST0646,Student_0646,Male,IT,7.22,72.78,85.08,91.21,0,Yes,1.0,5,2.0,4.0,55.88,Placed,11.4,2026,2024-04-24
ST1285,Student_1285,Male,Unknown,6.95,78.6,69.6,83.13,0,No,5.0,3,2.0,7.0,66.73,Placed,8.31,2023,2025-08-12
ST0305,Student_0305,Female,IT,7.73,59.37,57.3,82.18,0,Yes,3.0,2,7.0,5.0,86.71,Placed,9.41,2026,2023-08-15
ST1183,Student_1183,Female,IT,9.59,74.6,65.45,,0,Yes,1.0,4,5.0,7.0,46.27,Placed,11.06,2023,2025-05-29
ST1113,Student_1113,Female,Civil,5.83,73.3,93.58,91.43,1,No,2.0,1,1.0,7.0,64.33,Placed,9.06,2026,2025-04-07
ST0975,Student_0975,Female,Mechanical,6.77,81.45,70.26,66.28,2,No,3.0,1,1.0,5.0,59.35,Placed,9.48,2023,2024-12-25
ST1050,Student_1050,Male,IT,8.02,52.8,71.19,85.31,2,No,3.0,5,5.0,7.0,74.35,Placed,11.51,2026,2025-02-19
ST0345,Student_0345,Male,Mechanical,7.8,54.78,91.78,100.0,2,No,3.0,4,8.0,9.0,66.22,Not placed,0.0,2025,2023-09-13
ST1211,Student_1211,Male,CSE,8.21,69.26,68.28,72.49,0,No,3.0,2,7.0,5.0,76.89,Placed,10.27,2023,2025-06-18
ST0148,Student_0148,Male,CSE,6.35,54.93,77.19,45.0,1,Yes,3.0,2,10.0,5.0,52.95,Placed,9.46,2023,2023-04-20
ST0269,Student_0269,Male,CSE,7.71,44.92,78.15,81.44,0,No,1.0,5,4.0,10.0,78.14,Placed,6.87,2024,2023-07-19
ST0414,Student_0414,Male,Mechanical,7.19,85.25,80.52,85.45,4,No,3.0,3,8.0,7.0,,Placed,12.6,2024,
ST0170,Student_0170,Female,CSE,6.0,75.72,85.01,88.51,0,Yes,3.0,6,5.0,2.0,75.01,Not placed,0.0,2024,2023-05-06
ST0187,Student_0187,Female,ECE,8.34,72.57,81.78,72.86,0,Yes,3.0,0,4.0,7.0,33.76,Placed,16.26,2023,2023-05-19
ST1318,Student_1318,Female,CSE,6.7,59.41,71.98,81.2,0,No,3.0,6,4.0,2.0,56.14,Placed,10.05,2025,2025-09-06
ST1755,Student_1755,Male,Mechanical,7.44,69.36,69.28,81.98,0,No,2.0,3,4.0,8.0,27.11,Placed,11.02,2023,2026-07-28
ST1578,Student_1578,Female,Mechanical,8.85,49.68,88.8,84.48,0,No,1.0,5,2.0,6.0,63.5,Not placed,0.0,2026,2026-03-18
ST0082,Student_0082,Female,Mechanical,8.1,60.94,88.86,45.0,0,No,5.0,0,5.0,5.0,,Placed,11.35,2023,2023-03-02
ST0041,Student_0041,Male,CSE,8.49,71.03,93.77,69.14,2,No,2.0,2,5.0,8.0,58.75,Not placed,0.0,2023,2023-01-30
ST0303,Student_0303,Male,CSE,7.48,68.89,78.53,86.42,0,No,5.0,3,4.0,6.0,,Placed,,2023,2023-08-13
ST0959,Student_0959,Female,Mechanical,5.55,77.27,53.69,85.71,1,No,0.0,4,3.0,2.0,68.3,Placed,9.64,2024,2024-12-13
ST1532,Student_1532,Female,Mechanical,6.77,81.6,73.13,80.38,1,Yes,5.0,0,9.0,7.0,57.38,Placed,9.66,2026,2026-02-12
ST1466,Student_1466,Female,CSE,8.65,83.03,76.28,81.02,0,Yes,3.0,0,10.0,2.0,72.71,Placed,12.01,2025,2025-12-25
ST1382,Student_1382,Female,IT,6.62,87.34,74.8,71.8,2,Yes,4.0,2,,9.0,73.54,Placed,9.41,2026,2025-10-24
ST0630,Student_0630,Male,ECE,8.12,81.55,56.51,72.38,1,No,3.0,5,8.0,8.0,69.53,Placed,10.28,2024,2024-04-12
ST1046,Student_1046,Male,ECE,6.75,61.26,82.04,84.06,0,No,1.0,2,2.0,2.0,31.11,Placed,9.05,2023,2025-02-16
ST0862,Student_0862,Male,Mechanical,8.1,71.0,60.04,78.83,0,Yes,3.0,3,8.0,9.0,67.1,Placed,10.63,2025,2024-10-02
ST0136,Student_0136,Male,ECE,8.69,68.67,66.4,86.42,3,No,4.0,0,9.0,7.0,50.58,Placed,13.08,2024,2023-04-11
ST0532,Student_0532,Female,ECE,6.6,93.49,81.51,81.51,0,Yes,2.0,2,6.0,2.0,75.16,Placed,8.86,2023,2024-01-30
ST1076,Student_1076,Male,Civil,6.82,62.26,71.61,91.38,2,Unknown,1.0,1,1.0,1.0,65.14,Placed,10.2,2024,2025-03-10
ST0860,Student_0860,Male,ECE,9.91,73.3,75.96,67.47,1,No,4.0,1,1.0,6.0,47.08,Placed,10.78,2025,2024-09-30
ST1284,Student_1284,Male,IT,6.67,78.99,81.05,86.86,1,No,0.0,3,7.0,10.0,49.08,Not placed,0.0,2023,2025-08-12
ST0055,Student_0055,Male,IT,5.29,77.43,71.48,86.63,2,Yes,4.0,5,8.0,4.0,68.77,Placed,10.09,2026,2023-02-10
ST0378,Student_0378,Unknown,Civil,8.74,82.32,63.53,77.22,1,No,1.0,2,4.0,6.0,49.37,Not placed,0.0,2025,2023-10-08
ST0145,Student_0145,Female,Civil,6.41,70.54,86.98,71.61,2,Yes,3.0,1,4.0,4.0,95.52,Placed,11.81,2026,2023-04-18
ST1758,Student_1758,Male,Civil,7.34,70.02,78.07,83.92,1,Yes,4.0,3,7.0,9.0,71.91,Placed,11.14,2023,2026-07-30
ST0818,Student_0818,Male,ECE,4.51,64.14,64.0,83.16,1,Yes,4.0,1,7.0,3.0,78.67,Placed,7.69,2026,2024-08-30
ST0251,Student_0251,Female,Mechanical,6.54,77.78,62.02,,0,No,1.0,2,10.0,,58.41,Unknown,8.95,2023,2023-07-05
ST0611,Student_0611,Male,Mechanical,7.91,64.6,62.82,73.7,2,Yes,4.0,1,6.0,3.0,91.37,Placed,10.73,2025,2024-03-29
ST1676,Student_1676,Male,ECE,8.01,77.21,91.32,62.95,0,Yes,2.0,6,5.0,8.0,59.95,Placed,9.46,2023,2026-05-30
ST1421,Student_1421,Male,Civil,6.97,81.14,80.55,82.38,0,Yes,4.0,1,7.0,3.0,54.0,Placed,7.3,2026,2025-11-22
ST0245,Student_0245,Male,CSE,8.62,73.25,77.92,88.2,0,No,3.0,0,7.0,6.0,70.2,Not placed,0.0,2024,2023-07-01
ST1603,Student_1603,Female,ECE,5.48,88.16,99.06,82.44,2,Yes,4.0,2,9.0,9.0,50.51,Placed,7.39,2026,2026-04-06
ST1748,Student_1748,Male,ECE,7.74,88.45,75.15,83.98,2,Yes,2.0,4,8.0,,52.39,Not placed,0.0,2025,2026-07-23
ST1753,Student_1753,Female,IT,5.66,64.93,66.85,71.57,0,Yes,0.0,6,6.0,2.0,68.6,Not placed,0.0,2025,2026-07-27
ST0193,Student_0193,Male,ECE,,84.58,80.09,81.65,0,No,4.0,6,1.0,1.0,85.65,Not placed,,2025,2023-05-23
ST1435,Student_1435,Female,CSE,8.46,73.1,64.83,86.67,0,Yes,3.0,5,4.0,8.0,75.34,Placed,10.74,2026,2025-12-02
ST0089,Student_0089,Female,CSE,9.6,69.82,59.25,66.87,3,Yes,2.0,0,6.0,5.0,85.42,Placed,11.92,2025,2023-03-07
ST1127,Student_1127,Female,Mechanical,6.62,82.09,74.67,76.44,2,Yes,3.0,5,5.0,7.0,58.91,Placed,12.09,2025,2025-04-17
ST1221,Student_1221,Male,Mechanical,6.98,97.76,58.34,88.81,3,Yes,4.0,1,3.0,4.0,72.37,Not placed,0.0,2023,2025-06-26
ST0564,Student_0564,Male,ECE,7.37,70.41,77.8,75.1,0,Unknown,2.0,6,9.0,5.0,80.43,Placed,10.37,2024,2024-02-23
ST1679,Student_1679,Female,IT,8.15,83.99,52.37,82.47,0,No,4.0,0,7.0,1.0,66.58,Not placed,0.0,2026,2026-06-02
ST1251,Student_1251,Male,IT,9.67,77.19,58.53,72.65,0,Yes,5.0,2,1.0,4.0,87.32,Placed,11.82,2024,2025-07-18
ST1767,Student_1767,Female,CSE,8.89,71.0,67.32,72.4,0,No,0.0,6,7.0,2.0,53.48,Placed,12.79,2026,2026-08-06
ST1030,Student_1030,Male,CSE,7.81,80.03,74.74,91.63,0,No,1.0,4,7.0,3.0,71.44,Placed,11.77,2026,2025-02-04
ST0407,Student_0407,Female,Mechanical,8.48,58.39,84.99,57.81,0,Yes,2.0,5,4.0,2.0,72.91,Not placed,0.0,2023,
ST1634,Student_1634,Male,CSE,8.32,82.47,66.89,90.68,2,No,1.0,3,3.0,8.0,47.27,Not placed,0.0,2026,2026-04-29
ST1330,Student_1330,Male,CSE,6.33,95.23,80.56,61.85,0,Yes,3.0,0,7.0,10.0,58.83,Not placed,0.0,2023,
ST0180,Student_0180,Male,Civil,8.39,77.32,63.08,71.22,0,Yes,5.0,4,6.0,7.0,73.93,Placed,,2026,2023-05-14
ST1620,Student_1620,Male,Mechanical,6.03,88.28,88.61,84.17,1,No,3.0,5,5.0,7.0,70.04,Not placed,0.0,2026,2026-04-19
ST0968,Student_0968,Female,CSE,8.08,63.8,85.4,92.09,0,Yes,0.0,4,7.0,8.0,44.93,Not placed,0.0,2023,2024-12-20
ST0015,Student_0015,Female,ECE,7.28,70.88,53.54,90.58,0,No,4.0,2,6.0,1.0,88.76,Placed,10.3,2025,2023-01-11
ST1778,Student_1778,Male,CSE,6.09,77.99,64.47,83.73,3,No,4.0,3,6.0,2.0,61.5,Placed,6.94,2023,2026-08-14
ST0599,Student_0599,Female,IT,6.76,74.47,88.31,78.18,4,No,3.0,0,1.0,5.0,77.36,Placed,12.25,2023,2024-03-20
ST1352,Student_1352,Female,Civil,4.9,81.59,86.68,76.29,2,Yes,4.0,4,8.0,5.0,73.69,Placed,8.35,2024,2025-10-01
ST0114,Student_0114,Female,CSE,5.94,78.0,49.64,,0,Yes,5.0,2,9.0,9.0,47.43,Placed,7.38,2026,2023-03-26
ST1771,Student_1771,Male,ECE,6.94,74.75,91.98,84.21,3,Yes,2.0,1,2.0,2.0,96.49,Placed,12.75,2026,2026-08-09
ST0110,Student_0110,Male,IT,8.19,68.11,66.5,61.72,0,Yes,3.0,5,1.0,4.0,65.41,Placed,7.99,2023,2023-03-23
ST0359,Student_0359,Male,CSE,7.53,90.09,75.91,85.85,0,Unknown,1.0,1,8.0,8.0,58.26,Placed,10.43,2023,2023-09-24
ST1351,Student_1351,Female,CSE,7.2,68.59,76.77,58.44,0,Yes,3.0,6,6.0,3.0,46.52,Placed,8.37,2024,2025-10-01
ST1430,Student_1430,Unknown,CSE,6.2,72.25,68.57,77.0,0,No,0.0,3,2.0,9.0,72.34,Placed,11.25,2024,2025-11-28
ST0408,Student_0408,Female,Mechanical,8.42,80.03,66.72,100.0,0,Yes,0.0,1,8.0,6.0,55.44,Not placed,0.0,2023,2023-10-30
ST1663,Student_1663,Female,CSE,7.76,67.46,58.61,86.18,1,No,3.0,6,6.0,5.0,71.6,Placed,10.28,2024,
ST1181,Student_1181,Female,CSE,6.32,70.19,49.79,78.88,3,No,3.0,4,7.0,3.0,42.46,Placed,11.0,2023,2025-05-27
ST0929,Student_0929,Female,Mechanical,6.3,76.31,71.78,71.36,0,Yes,1.0,5,8.0,4.0,65.77,Placed,10.31,2023,2024-11-21
ST0150,Student_0150,Female,CSE,7.96,71.94,76.53,71.24,0,No,3.0,5,1.0,10.0,68.25,Placed,11.71,2023,2023-04-21
ST1612,Student_1612,Female,Civil,8.02,91.7,77.53,78.23,0,No,4.0,0,7.0,8.0,74.35,Placed,9.42,2023,2026-04-13
ST0523,Student_0523,Female,CSE,8.01,86.5,100.0,75.76,0,No,2.0,2,6.0,6.0,51.15,Not placed,0.0,2024,2024-01-24
ST0908,Student_0908,Male,CSE,7.67,67.41,58.57,81.95,0,No,5.0,5,4.0,1.0,69.93,Placed,9.07,2026,2024-11-05
ST1345,Student_1345,Male,Civil,6.78,70.9,81.05,84.63,0,Yes,3.0,4,2.0,8.0,77.69,Placed,10.91,2026,2025-09-26
ST1300,Student_1300,Female,IT,8.6,84.58,76.55,67.55,0,No,2.0,2,6.0,9.0,81.99,Not placed,0.0,2025,
ST0830,Student_0830,Female,ECE,6.39,82.22,88.42,74.07,0,Yes,2.0,5,1.0,10.0,62.3,Placed,7.8,2025,2024-09-08
ST1776,Student_1776,Female,CSE,7.18,54.14,48.34,89.37,0,No,3.0,2,6.0,8.0,60.08,Placed,10.05,2024,2026-08-13
ST1077,Student_1077,Female,CSE,6.73,85.48,62.99,65.79,2,Yes,2.0,5,4.0,1.0,75.89,Placed,8.87,2026,2025-03-11
ST0480,Student_0480,Female,ECE,8.77,83.76,65.74,90.31,0,No,2.0,1,5.0,5.0,62.25,Placed,11.19,2025,2023-12-23
ST0469,Student_0469,Male,CSE,8.7,85.8,69.71,96.53,0,No,0.0,6,4.0,8.0,80.02,Placed,13.24,2024,2023-12-15
ST1152,Student_1152,Male,IT,7.53,76.36,72.51,81.03,0,No,4.0,6,6.0,1.0,69.18,Placed,9.39,2023,2025-05-06
ST0376,Student_0376,Female,CSE,6.67,59.02,84.69,79.29,0,No,4.0,3,3.0,2.0,73.49,Placed,7.56,2025,2023-10-06
ST0040,Student_0040,Male,ECE,7.97,87.91,55.14,74.16,0,Yes,4.0,1,1.0,9.0,64.98,Not placed,,2023,2023-01-30
ST1238,Student_1238,Female,Mechanical,7.68,73.49,72.15,81.87,0,No,0.0,6,1.0,9.0,55.35,Placed,10.0,2024,2025-07-09
ST0610,Student_0610,Female,Mechanical,8.35,82.66,72.5,83.46,0,No,1.0,1,9.0,6.0,76.37,Not placed,0.0,2024,2024-03-28
ST0885,Student_0885,Female,ECE,6.92,78.07,81.44,74.22,0,No,2.0,1,8.0,4.0,95.91,Not placed,0.0,2026,2024-10-19
ST1713,Student_1713,Male,CSE,8.48,46.67,74.0,79.86,0,No,5.0,6,4.0,7.0,54.44,Placed,11.55,2025,2026-06-27
ST0933,Student_0933,Male,ECE,7.41,68.13,82.51,84.58,1,Yes,3.0,3,5.0,2.0,74.31,Placed,11.08,2024,2024-11-24
ST0124,Student_0124,Male,Civil,7.49,76.95,62.24,84.83,2,Yes,3.0,1,3.0,3.0,44.14,Not placed,0.0,2026,2023-04-02
ST0147,Student_0147,Male,CSE,8.18,71.37,55.2,77.85,0,No,1.0,5,3.0,7.0,75.24,Not placed,0.0,2024,2023-04-19
ST0153,Student_0153,Male,Civil,8.69,91.79,80.4,77.85,0,No,1.0,5,4.0,1.0,66.92,Placed,8.89,2026,2023-04-24
ST1373,Student_1373,Female,IT,7.55,83.58,74.13,70.23,0,No,2.0,3,8.0,4.0,,Not placed,0.0,2024,2025-10-17
ST0529,Student_0529,Female,ECE,7.67,59.48,61.96,,1,No,5.0,0,1.0,3.0,100.0,Placed,11.03,2025,2024-01-28
ST0716,Student_0716,Female,ECE,6.4,91.16,63.12,66.5,1,No,3.0,1,5.0,6.0,62.19,Not placed,0.0,2024,2024-06-15
ST0612,Student_0612,Female,Mechanical,7.96,94.45,71.75,72.66,0,Unknown,2.0,0,8.0,9.0,56.44,Placed,11.13,2026,2024-03-30
ST1440,Student_1440,Male,IT,8.4,90.89,73.42,94.93,0,Yes,2.0,5,7.0,7.0,76.63,Not placed,0.0,2025,2025-12-06
ST1451,Student_1451,Female,ECE,9.62,69.14,76.46,76.93,0,No,0.0,4,7.0,4.0,54.39,Placed,13.47,2023,2025-12-14
ST1454,Student_1454,Male,Civil,6.28,91.85,62.76,88.26,0,No,3.0,0,10.0,2.0,89.01,Not placed,0.0,2025,2025-12-16
ST0931,Student_0931,Male,Civil,7.82,70.24,,72.5,0,No,0.0,0,8.0,5.0,67.83,Placed,9.12,2026,2024-11-22
ST0162,Student_0162,Male,Civil,8.48,89.21,80.87,74.03,0,Yes,,1,6.0,2.0,69.07,Not placed,0.0,2026,2023-04-30
ST1644,Student_1644,Female,ECE,6.74,71.25,52.0,68.49,0,Yes,3.0,5,5.0,8.0,68.6,Not placed,0.0,2024,
ST1388,Student_1388,Female,IT,7.92,72.79,68.98,74.92,2,Yes,0.0,2,10.0,4.0,52.94,Placed,8.72,2023,2025-10-28
ST1790,Student_1790,Unknown,IT,7.44,55.95,80.37,69.02,2,No,1.0,1,3.0,3.0,84.86,Not placed,0.0,2023,2026-08-23
ST0666,Student_0666,Male,IT,6.65,76.58,81.9,,0,No,4.0,2,10.0,4.0,71.05,Placed,9.67,2024,2024-05-09
ST0084,Student_0084,Female,CSE,7.05,76.99,63.74,76.08,1,Yes,4.0,3,,7.0,77.68,Not placed,0.0,2025,2023-03-03
ST1233,Student_1233,Male,ECE,5.71,74.08,78.49,68.12,0,No,4.0,2,4.0,8.0,66.27,Unknown,9.4,2024,2025-07-05
ST0631,Student_0631,Male,IT,8.13,64.3,82.88,78.58,0,No,3.0,4,8.0,2.0,57.42,Placed,12.39,2024,2024-04-13
ST0903,Student_0903,Female,IT,7.95,80.88,68.67,73.63,1,No,5.0,5,2.0,5.0,66.73,Not placed,0.0,2025,2024-11-01
ST1502,Student_1502,Female,CSE,6.87,68.83,91.56,77.6,0,No,4.0,4,10.0,7.0,69.01,Placed,10.08,2025,2026-01-21
ST0990,Student_0990,Female,Civil,9.16,87.93,82.46,91.29,0,No,3.0,4,7.0,10.0,55.91,Placed,13.25,2023,2025-01-05
ST1751,Student_1751,Female,CSE,7.8,65.49,70.52,91.44,3,No,0.0,5,10.0,4.0,67.81,Placed,11.99,2026,2026-07-25
ST1004,Student_1004,Male,CSE,8.99,86.22,65.51,93.83,0,No,3.0,6,5.0,9.0,53.07,Placed,,2023,2025-01-15
ST1514,Student_1514,Male,CSE,7.46,69.59,65.92,61.74,1,No,3.0,4,7.0,8.0,42.98,Placed,10.39,2025,2026-01-30
ST1374,Student_1374,Female,ECE,7.55,80.54,10.0,,2,No,1.0,5,1.0,1.0,67.04,Placed,8.51,2023,2025-10-18
ST1027,Student_1027,Female,ECE,6.26,73.04,76.81,76.48,0,No,5.0,2,4.0,9.0,83.61,Placed,9.12,2024,2025-02-02
ST0598,Student_0598,Male,IT,8.84,82.64,79.81,70.54,0,No,5.0,3,8.0,8.0,43.87,Placed,11.14,2026,
ST0594,Student_0594,Female,CSE,8.98,95.75,87.37,79.86,0,Unknown,3.0,0,6.0,6.0,61.53,Not placed,0.0,2024,2024-03-17
ST1033,Student_1033,Male,ECE,7.04,73.77,76.27,89.28,0,No,0.0,3,8.0,6.0,63.76,Placed,9.3,2024,2025-02-06
ST0287,Student_0287,Male,ECE,8.05,93.57,96.96,74.21,0,No,3.0,6,5.0,8.0,69.86,Placed,,2025,2023-08-01
ST1309,Student_1309,Male,CSE,6.21,76.8,47.86,94.2,1,Yes,3.0,6,8.0,2.0,45.37,Placed,7.22,2026,2025-08-30
ST0010,Student_0010,Female,IT,6.03,67.27,74.09,76.89,2,Yes,5.0,2,2.0,7.0,80.83,Placed,9.22,2025,2023-01-07
ST0063,Student_0063,Male,CSE,,55.25,76.27,72.45,1,No,4.0,0,2.0,3.0,63.05,Not placed,0.0,2025,2023-02-16
ST0605,Student_0605,Male,IT,9.49,82.42,71.74,64.7,0,No,4.0,1,9.0,8.0,90.83,Placed,13.86,2024,2024-03-25
ST0237,Student_0237,Female,Civil,6.96,72.03,82.36,100.0,0,No,2.0,1,6.0,6.0,78.22,Placed,9.49,2025,2023-06-25
ST0978,Student_0978,Female,ECE,8.07,63.47,73.36,71.62,0,Yes,5.0,3,7.0,8.0,73.51,Placed,9.63,2025,2024-12-27
ST0028,Student_0028,Female,ECE,7.18,72.6,69.35,79.85,4,No,2.0,2,4.0,6.0,53.06,Not placed,0.0,2025,2023-01-21
ST0812,Student_0812,Male,CSE,7.03,79.96,43.58,79.84,0,No,2.0,4,3.0,6.0,77.34,Placed,6.95,2026,2024-08-26
ST1344,Student_1344,Male,Civil,6.44,81.99,85.98,76.99,0,No,1.0,0,8.0,9.0,50.6,Placed,7.63,2024,2025-09-25
ST1038,Student_1038,Male,Mechanical,7.66,86.19,76.1,85.27,0,No,3.0,0,10.0,1.0,36.22,Not placed,0.0,2023,2025-02-10
ST0774,Student_0774,Female,Mechanical,7.83,80.78,57.93,,0,No,3.0,0,6.0,2.0,72.45,Placed,11.43,2026,2024-07-28
ST1037,Student_1037,Female,CSE,7.11,65.61,96.49,92.3,0,Yes,2.0,5,2.0,1.0,51.81,Placed,7.78,2025,2025-02-09
ST0381,Student_0381,Female,ECE,7.98,75.44,84.45,83.35,0,No,3.0,0,9.0,9.0,66.81,Placed,9.43,2025,2023-10-10
ST0983,Student_0983,Female,ECE,7.2,83.27,88.78,82.38,2,No,4.0,3,6.0,,66.87,Placed,8.8,2023,2024-12-31
ST1341,Student_1341,Male,Mechanical,7.41,87.91,86.26,90.58,0,No,1.0,4,4.0,6.0,69.39,Placed,10.37,2024,2025-09-23
ST1579,Student_1579,Female,CSE,7.92,72.73,61.45,95.32,4,No,4.0,0,7.0,8.0,58.37,Not placed,0.0,2026,2026-03-19
ST0033,Student_0033,Female,Civil,8.0,75.49,62.21,89.72,0,No,1.0,5,6.0,2.0,52.08,Placed,9.13,2025,2023-01-24
ST0986,Student_0986,Female,IT,7.75,77.11,78.07,,0,No,1.0,5,2.0,1.0,79.94,Not placed,0.0,2025,
ST0270,Student_0270,Male,CSE,7.57,80.71,60.13,61.66,0,No,3.0,5,2.0,6.0,73.61,Placed,7.67,2025,2023-07-20
ST0947,Student_0947,Male,CSE,8.28,61.6,73.34,81.53,0,No,2.0,6,6.0,3.0,75.93,Not placed,0.0,2025,2024-12-04
ST1618,Student_1618,Male,IT,7.68,79.69,58.84,75.2,0,Yes,3.0,3,8.0,8.0,62.64,Placed,12.17,2024,2026-04-17
ST1402,Student_1402,Male,ECE,9.36,72.45,70.97,81.77,2,No,1.0,2,3.0,8.0,63.36,Not placed,0.0,2023,2025-11-07
ST1015,Student_1015,Male,IT,7.93,92.48,61.99,80.61,3,Yes,3.0,5,10.0,9.0,62.27,Placed,10.71,2025,2025-01-24
ST1414,Student_1414,Female,Mechanical,6.42,69.39,54.51,83.47,3,No,1.0,5,10.0,4.0,70.59,Not placed,0.0,2026,2025-11-16
ST0020,Student_0020,Male,CSE,5.86,62.21,62.26,96.8,0,No,1.0,0,3.0,10.0,68.77,Placed,9.06,2026,2023-01-15
ST1681,Student_1681,Female,CSE,6.51,81.6,84.57,65.49,0,Yes,3.0,2,1.0,,67.59,Placed,14.33,2026,2026-06-03
ST0838,Student_0838,Male,CSE,6.93,72.47,70.87,83.83,1,No,4.0,4,2.0,8.0,90.43,Placed,5.32,2024,2024-09-14
ST1048,Student_1048,Male,CSE,7.0,76.16,76.56,70.13,1,Yes,2.0,0,2.0,9.0,84.69,Not placed,0.0,2023,2025-02-17
ST0373,Student_0373,Female,Mechanical,7.17,65.26,60.53,83.89,0,No,1.0,2,2.0,2.0,63.99,Placed,9.54,2023,2023-10-04
ST1138,Student_1138,Female,CSE,7.12,91.08,64.13,73.1,4,Yes,3.0,2,3.0,7.0,51.84,Placed,10.15,2026,2025-04-25
ST1765,Student_1765,Male,ECE,7.11,92.11,61.35,99.53,3,Yes,,4,4.0,7.0,55.71,Placed,12.32,2023,2026-08-04
ST0797,Student_0797,Male,CSE,7.38,77.11,69.27,78.4,0,No,5.0,1,6.0,1.0,67.31,Not placed,0.0,2025,2024-08-15
ST0347,Student_0347,Male,CSE,7.27,69.02,58.94,74.08,0,No,3.0,3,7.0,2.0,64.74,Placed,11.12,2025,2023-09-15
ST1082,Student_1082,Male,Mechanical,6.32,82.34,57.23,85.82,2,No,2.0,3,1.0,7.0,65.95,Not placed,0.0,2026,2025-03-14
ST1613,Student_1613,Female,IT,7.82,87.24,82.37,5.0,0,Yes,3.0,0,8.0,3.0,63.16,Placed,10.51,2024,2026-04-13
ST1650,Student_1650,Female,CSE,7.41,75.16,77.37,75.42,0,No,3.0,0,4.0,8.0,57.62,Not placed,0.0,2025,2026-05-11
ST0102,Student_0102,Female,ECE,8.29,60.84,71.68,71.47,4,Yes,4.0,0,7.0,8.0,83.26,Placed,11.15,2025,
ST1653,Student_1653,Female,Mechanical,6.46,91.44,69.56,77.84,0,Yes,3.0,2,8.0,6.0,97.58,Not placed,8.27,2025,2026-05-13
ST0444,Student_0444,Female,Mechanical,7.45,76.35,58.47,74.89,0,No,0.0,0,7.0,2.0,26.51,Not placed,0.0,2024,2023-11-26
ST0228,Student_0228,Female,IT,7.64,70.23,79.63,100.0,0,Yes,1.0,6,2.0,4.0,61.51,Placed,8.5,2024,2023-06-18
ST0617,Student_0617,Male,ECE,7.74,74.0,68.24,86.28,0,No,3.0,1,1.0,3.0,61.3,Placed,9.19,2024,2024-04-03
ST0927,Student_0927,Male,CSE,6.94,83.71,59.04,90.07,0,No,3.0,0,5.0,7.0,75.77,Placed,10.21,2023,2024-11-19
ST0866,Student_0866,Male,IT,7.58,62.36,87.61,88.96,0,Yes,3.0,1,5.0,4.0,49.11,Placed,11.25,2025,2024-10-05
ST1002,Student_1002,Male,CSE,7.46,53.09,63.28,65.57,1,No,4.0,2,2.0,4.0,51.13,Placed,10.95,2023,2025-01-14
ST0879,Student_0879,Male,CSE,8.58,89.27,64.34,73.73,0,No,2.0,3,7.0,1.0,59.01,Placed,13.78,2023,2024-10-15
ST0637,Student_0637,Male,CSE,7.47,83.52,70.29,,0,Yes,2.0,0,3.0,6.0,57.32,Placed,12.15,2025,2024-04-18
ST0749,Student_0749,Male,Mechanical,7.79,83.61,70.32,71.36,4,No,0.0,5,1.0,7.0,50.46,Placed,10.46,2024,2024-07-10
ST1722,Student_1722,Male,Civil,7.99,75.83,78.23,96.77,2,Yes,3.0,6,6.0,1.0,66.97,Not placed,0.0,2023,2026-07-03
ST0059,Student_0059,Male,CSE,7.07,94.23,53.78,83.96,0,No,3.0,1,3.0,10.0,44.45,Placed,12.18,2025,2023-02-13
ST1220,Student_1220,Male,Civil,7.36,78.26,80.73,76.9,1,No,2.0,6,5.0,10.0,66.97,Placed,9.61,2026,2025-06-25
ST1562,Student_1562,Female,Civil,8.34,85.22,65.94,76.52,0,No,,5,7.0,5.0,53.48,Placed,12.91,2026,
ST1610,Student_1610,Male,Civil,6.15,84.52,86.32,87.96,3,No,2.0,6,9.0,10.0,45.1,Placed,6.82,2026,2026-04-11
ST1357,Student_1357,Female,ECE,9.03,62.83,74.52,83.39,0,No,2.0,0,1.0,5.0,45.19,Placed,10.17,2026,2025-10-05
ST0487,Student_0487,Male,Mechanical,6.77,77.62,73.13,72.67,0,Yes,1.0,1,,10.0,47.32,Placed,10.4,2023,2023-12-28
ST1458,Student_1458,Female,CSE,6.58,59.87,96.34,73.86,2,Yes,2.0,5,7.0,4.0,64.94,Placed,,2026,2025-12-19
ST1029,Student_1029,Male,ECE,8.83,74.48,95.71,79.06,0,Yes,4.0,6,6.0,8.0,60.1,Placed,12.99,2023,2025-02-03
ST0199,Student_0199,Male,Mechanical,8.2,67.65,85.99,83.73,0,Yes,2.0,6,6.0,7.0,67.59,Not placed,0.0,2024,2023-05-28
ST0742,Student_0742,Unknown,Mechanical,7.96,58.69,69.54,90.58,3,No,2.0,0,1.0,8.0,87.63,Placed,10.32,2026,2024-07-05
ST0485,Student_0485,Male,ECE,8.1,77.0,63.17,76.23,0,No,5.0,6,3.0,3.0,52.5,Placed,12.29,2023,2023-12-26
ST1229,Student_1229,Female,Civil,7.96,73.16,100.0,81.63,3,Yes,0.0,1,5.0,6.0,54.95,Placed,11.93,2023,2025-07-02
ST1338,Student_1338,Female,CSE,7.63,69.52,70.74,71.53,0,Yes,3.0,1,9.0,6.0,67.92,Placed,11.35,2026,
ST0823,Student_0823,Female,IT,7.97,72.64,77.37,84.29,0,Yes,3.0,4,7.0,1.0,69.18,Placed,12.41,2024,2024-09-03
ST0350,Student_0350,Male,ECE,8.19,78.64,87.7,83.99,2,No,1.0,1,8.0,3.0,65.95,Not placed,0.0,2023,2023-09-17
ST0126,Student_0126,Female,IT,7.86,77.06,53.22,76.67,0,No,2.0,4,3.0,1.0,83.14,Not placed,7.55,2024,2023-04-03
ST1784,Student_1784,Female,IT,6.66,78.98,67.89,79.14,0,Yes,3.0,3,7.0,4.0,67.33,Placed,10.11,2023,2026-08-19
ST1148,Student_1148,Female,Mechanical,7.63,85.37,64.93,84.46,0,Yes,2.0,5,7.0,7.0,46.51,Placed,9.96,2023,2025-05-03
ST1732,Student_1732,Male,Mechanical,6.71,65.78,72.65,94.94,0,Unknown,3.0,2,2.0,10.0,74.59,Not placed,8.74,2024,2026-07-11
ST1597,Student_1597,Female,ECE,8.0,86.19,85.96,85.71,2,No,4.0,4,,7.0,55.99,Placed,12.44,2025,2026-04-02
ST1444,Student_1444,Male,IT,7.69,74.32,79.64,93.29,3,No,3.0,4,10.0,8.0,78.1,Not placed,0.0,2023,
ST0405,Student_0405,Female,Mechanical,7.08,79.73,64.18,78.1,0,No,2.0,4,2.0,5.0,35.24,Placed,10.46,2023,2023-10-28
ST0714,Student_0714,Female,IT,6.33,88.89,82.92,93.39,0,No,3.0,3,2.0,3.0,72.19,Placed,9.2,2023,2024-06-14
ST0858,Student_0858,Male,IT,7.59,68.49,70.14,83.7,0,Yes,3.0,6,2.0,10.0,63.73,Not placed,10.68,2023,2024-09-29
ST1139,Student_1139,Female,CSE,7.73,74.79,67.21,83.85,0,No,0.0,4,4.0,9.0,81.45,Placed,12.13,2025,2025-04-26
ST0809,Student_0809,Female,ECE,5.86,61.35,67.32,81.49,0,No,1.0,1,7.0,5.0,56.83,Placed,8.27,2025,2024-08-23
ST0892,Student_0892,Male,Mechanical,7.04,73.16,75.12,89.44,0,Yes,2.0,5,5.0,5.0,69.49,Placed,7.53,2024,2024-10-24
ST0849,Student_0849,Male,Mechanical,8.04,64.05,75.79,88.1,0,No,,5,7.0,6.0,48.73,Not placed,0.0,2025,
ST1651,Student_1651,Male,IT,7.35,94.0,83.25,79.05,0,Yes,3.0,6,8.0,5.0,52.95,Placed,10.82,2026,2026-05-12
ST0952,Student_0952,Female,Mechanical,7.64,88.74,75.95,79.68,0,No,2.0,4,5.0,10.0,51.51,Placed,9.72,2026,2024-12-08
ST1164,Student_1164,Female,IT,7.84,92.04,77.95,78.8,3,No,4.0,6,6.0,5.0,42.66,Placed,9.15,2024,2025-05-14
ST1246,Student_1246,Female,Mechanical,6.48,93.01,73.27,66.23,0,Yes,5.0,4,5.0,1.0,63.6,Not placed,0.0,2025,2025-07-14
ST1081,Student_1081,Male,CSE,8.68,90.98,77.86,75.41,0,No,3.0,2,10.0,10.0,70.53,Placed,10.59,2023,2025-03-14
ST0967,Student_0967,Unknown,CSE,8.54,58.11,83.97,85.35,0,Yes,2.0,4,6.0,9.0,83.46,Placed,11.42,2025,2024-12-19
ST0993,Student_0993,Unknown,Mechanical,7.99,80.87,76.67,75.05,0,Yes,3.0,5,8.0,8.0,50.97,Placed,6.49,2025,2025-01-07
ST1747,Student_1747,Female,Civil,8.45,76.8,48.3,75.75,3,Yes,4.0,4,2.0,7.0,91.41,Placed,10.63,2023,2026-07-22
ST1018,Student_1018,Male,ECE,6.79,61.65,78.7,91.79,0,Unknown,2.0,0,4.0,1.0,79.05,Placed,11.66,2023,2025-01-26
ST1708,Student_1708,Female,CSE,7.88,64.92,72.36,63.29,0,No,4.0,3,6.0,6.0,63.86,Placed,11.71,2023,2026-06-23
ST1675,Student_1675,Male,CSE,6.61,79.19,64.51,68.79,3,No,4.0,3,8.0,2.0,83.49,Placed,9.36,2026,2026-05-30
ST1283,Student_1283,Male,CSE,9.49,73.25,82.6,80.85,1,No,4.0,6,3.0,8.0,46.94,Placed,11.23,2024,2025-08-11
ST0386,Student_0386,Female,ECE,7.83,85.06,61.66,80.02,0,No,4.0,1,7.0,7.0,65.63,Placed,11.66,2024,2023-10-14
ST0855,Student_0855,Unknown,Civil,5.85,100.0,90.54,81.23,0,No,1.0,2,6.0,9.0,78.45,Placed,9.56,2024,2024-09-27
ST1399,Student_1399,Female,CSE,5.67,79.76,75.13,69.96,0,Yes,1.0,5,5.0,7.0,71.43,Placed,8.94,2024,2025-11-05
ST0399,Student_0399,Female,ECE,9.56,91.99,64.02,83.14,0,No,0.0,6,1.0,2.0,55.18,Placed,14.07,2023,2023-10-24
ST0461,Student_0461,Female,Civil,8.74,80.15,84.91,92.09,0,No,2.0,1,10.0,5.0,75.99,Not placed,0.0,2024,2023-12-09
ST0122,Student_0122,Male,CSE,9.01,76.81,67.83,76.16,2,No,4.0,1,10.0,7.0,84.76,Placed,11.41,2025,2023-03-31
ST0926,Student_0926,Male,ECE,6.64,98.44,92.98,87.32,1,No,0.0,2,7.0,5.0,52.81,Placed,6.75,2026,2024-11-18
ST0825,Student_0825,Female,ECE,6.55,69.65,69.91,100.0,0,No,2.0,3,9.0,8.0,71.83,Placed,10.63,2025,2024-09-04
ST1142,Student_1142,Male,ECE,6.63,72.8,80.33,95.7,0,Yes,3.0,6,4.0,5.0,75.94,Not placed,0.0,2025,2025-04-28
ST1334,Student_1334,Female,Civil,8.52,79.17,74.29,63.43,0,No,3.0,0,4.0,3.0,45.72,Not placed,0.0,2023,2025-09-18
ST0746,Student_0746,Female,Mechanical,6.59,65.37,79.78,83.78,0,No,5.0,0,6.0,9.0,89.82,Placed,7.52,2023,2024-07-08
ST1355,Student_1355,Female,Civil,6.49,91.19,69.6,97.38,1,No,3.0,3,4.0,10.0,75.81,Placed,9.53,2025,2025-10-04
ST1657,Student_1657,Female,ECE,7.82,68.56,69.52,62.91,0,Yes,4.0,3,3.0,9.0,81.61,Placed,10.08,2024,2026-05-16
ST1140,Student_1140,Unknown,CSE,8.15,77.89,58.45,87.99,0,No,4.0,5,7.0,1.0,75.32,Placed,9.72,2024,
ST1363,Student_1363,Male,Civil,8.0,60.04,56.93,70.64,0,No,3.0,1,1.0,5.0,62.51,Placed,12.64,2024,2025-10-09
ST0436,Student_0436,Female,Unknown,7.09,95.98,66.27,75.4,0,No,3.0,4,5.0,7.0,56.42,Placed,9.93,2023,2023-11-20
ST1664,Student_1664,Male,CSE,7.26,78.83,69.2,83.47,4,No,4.0,2,9.0,7.0,52.65,Placed,9.85,2023,2026-05-21
ST1257,Student_1257,Female,CSE,6.68,71.31,10.0,86.29,2,No,0.0,4,7.0,9.0,57.63,Placed,,2024,2025-07-23
ST1574,Student_1574,Female,Mechanical,6.66,61.18,76.73,93.78,0,Yes,2.0,0,3.0,1.0,78.87,Placed,10.27,2025,2026-03-15
ST0488,Student_0488,Female,CSE,7.58,55.5,59.84,72.6,1,Yes,2.0,6,2.0,5.0,48.56,Placed,,2023,2023-12-29
ST0659,Student_0659,Female,Mechanical,7.04,70.4,82.27,86.82,2,No,3.0,3,10.0,8.0,60.4,Not placed,0.0,2023,2024-05-04
ST0832,Student_0832,Male,ECE,6.89,81.69,87.81,82.57,0,No,2.0,4,6.0,7.0,75.45,Placed,12.61,2026,2024-09-10
ST1545,Student_1545,Female,IT,7.44,73.3,88.8,100.0,0,Yes,3.0,1,9.0,6.0,57.28,Placed,11.55,2026,2026-02-22
ST1090,Student_1090,Female,Mechanical,8.22,78.98,67.02,95.84,4,Yes,2.0,5,1.0,8.0,77.95,Not placed,2.0,2024,2025-03-20
ST1637,Student_1637,Male,Mechanical,6.52,85.88,92.01,67.46,4,No,4.0,2,5.0,4.0,63.63,Placed,7.05,2026,2026-05-01
ST1298,Student_1298,Male,Civil,8.88,79.16,60.6,83.36,0,No,2.0,4,1.0,5.0,56.26,Not placed,0.0,2025,2025-08-22
ST0520,Student_0520,Female,Civil,8.4,89.97,84.07,80.84,0,No,2.0,1,3.0,3.0,,Placed,9.36,2024,2024-01-22
ST1114,Student_1114,Male,CSE,8.56,66.87,63.64,81.85,1,Yes,3.0,4,6.0,6.0,54.41,Placed,11.5,2026,2025-04-07
ST1258,Student_1258,Male,IT,7.58,77.14,96.0,,3,Yes,2.0,2,7.0,6.0,85.2,Placed,10.68,2024,2025-07-23
ST0308,Student_0308,Female,IT,8.33,71.53,54.36,79.22,0,No,1.0,0,4.0,4.0,,Placed,11.86,2024,2023-08-17
ST1452,Student_1452,Male,Civil,8.83,68.8,69.05,93.69,1,Yes,4.0,2,10.0,7.0,66.12,Placed,13.87,2024,2025-12-15
ST1009,Student_1009,Female,IT,7.97,84.83,100.0,83.32,0,No,2.0,6,7.0,4.0,75.61,Placed,10.04,2023,2025-01-19
ST0906,Student_0906,Female,Mechanical,7.95,75.93,68.67,81.5,2,Yes,0.0,0,6.0,8.0,64.52,Placed,11.45,2023,2024-11-04
ST0035,Student_0035,Female,CSE,9.08,68.92,74.18,83.63,0,Unknown,4.0,5,3.0,7.0,52.46,Placed,9.98,2026,2023-01-26
ST1600,Student_1600,Male,IT,5.18,73.9,67.79,89.94,0,No,2.0,3,10.0,9.0,60.03,Placed,7.45,2024,2026-04-04
ST0131,Student_0131,Female,CSE,7.94,82.5,86.68,93.72,0,Yes,1.0,6,4.0,3.0,55.95,Not placed,0.0,2025,2023-04-07
ST0877,Student_0877,Female,ECE,7.99,67.61,64.09,100.0,3,Yes,3.0,2,3.0,8.0,65.71,Placed,12.53,2026,2024-10-13
ST0852,Student_0852,Unknown,CSE,8.77,77.92,75.7,83.06,0,No,3.0,3,7.0,1.0,79.93,Not placed,0.0,2023,2024-09-24
ST0486,Student_0486,Female,IT,8.17,81.09,54.94,93.45,3,Yes,1.0,5,10.0,9.0,77.25,Placed,14.51,2023,2023-12-27
ST1098,Student_1098,Female,CSE,8.75,70.6,72.86,89.61,0,Yes,1.0,0,8.0,9.0,82.08,Placed,11.09,2025,2025-03-26
ST0534,Student_0534,Male,ECE,6.55,86.63,76.39,,0,No,4.0,0,1.0,9.0,,Placed,7.5,2024,2024-02-01
ST0338,Student_0338,Male,IT,7.54,55.04,85.07,88.1,0,Yes,0.0,6,3.0,9.0,75.74,Placed,8.58,2025,2023-09-08
ST0384,Student_0384,Male,CSE,7.25,78.83,63.4,85.42,0,No,1.0,0,8.0,7.0,43.05,Placed,,2023,2023-10-12
ST0995,Student_0995,Female,ECE,7.36,79.47,67.51,62.55,1,Yes,5.0,0,10.0,10.0,72.39,Placed,10.64,2024,2025-01-09
ST1153,Student_1153,Female,CSE,5.35,75.84,64.98,63.13,4,No,1.0,5,10.0,1.0,75.95,Not placed,0.0,2023,2025-05-06
ST1306,Student_1306,Male,Civil,8.39,95.68,86.46,79.81,0,No,0.0,6,1.0,6.0,80.37,Not placed,0.0,2025,2025-08-28
ST0106,Student_0106,Female,ECE,8.23,84.57,68.38,75.82,0,No,4.0,3,2.0,6.0,63.54,Placed,12.13,2026,2023-03-20
ST1361,Student_1361,Female,Mechanical,7.17,90.74,67.75,76.98,0,No,0.0,5,5.0,2.0,54.52,Placed,9.18,2023,2025-10-08
ST0198,Student_0198,Female,CSE,7.11,92.99,74.83,63.84,0,Yes,2.0,5,6.0,4.0,64.35,Placed,12.14,2025,2023-05-27
ST1726,Student_1726,Female,Civil,7.35,66.94,61.45,75.25,0,Yes,2.0,6,1.0,4.0,,Placed,7.64,2024,2026-07-06
ST0831,Student_0831,Male,IT,6.68,62.3,69.67,86.55,0,No,1.0,6,7.0,3.0,66.07,Placed,11.43,2024,2024-09-09
ST0709,Student_0709,Female,CSE,9.72,54.83,78.56,96.16,0,Yes,4.0,4,8.0,1.0,61.82,Placed,12.74,2024,2024-06-10
ST0864,Student_0864,Female,IT,7.29,77.64,66.16,76.54,3,Unknown,3.0,3,2.0,4.0,49.42,Not placed,0.0,2024,2024-10-03
ST1565,Student_1565,Male,ECE,8.37,79.31,74.34,92.16,1,Yes,2.0,3,3.0,5.0,84.67,Not placed,0.0,2024,2026-03-09
ST1697,Student_1697,Male,CSE,6.32,78.28,69.41,75.08,0,No,3.0,5,10.0,9.0,73.69,Placed,7.7,2024,2026-06-15
ST0415,Student_0415,Male,IT,9.93,68.46,79.5,84.12,1,Yes,5.0,3,9.0,8.0,72.4,Placed,13.02,2023,2023-11-04
ST0294,Student_0294,Female,ECE,7.46,86.79,69.97,82.84,0,No,4.0,6,5.0,1.0,67.34,Placed,5.52,2023,2023-08-06
ST0353,Student_0353,Male,CSE,9.49,86.59,86.43,92.86,1,No,5.0,2,1.0,8.0,47.07,Not placed,0.0,2023,2023-09-19
ST1439,Student_1439,Female,CSE,7.72,70.11,84.94,85.34,1,Yes,2.0,1,6.0,5.0,90.65,Placed,12.08,2023,2025-12-05
ST1261,Student_1261,Male,ECE,5.92,68.65,79.47,58.85,0,No,1.0,1,4.0,4.0,68.75,Not placed,0.0,2025,2025-07-26
ST0318,Student_0318,Male,ECE,7.27,96.96,89.86,80.7,2,Yes,2.0,1,6.0,6.0,64.33,Not placed,0.0,2024,2023-08-24
ST1659,Student_1659,Male,CSE,7.68,86.86,77.83,79.11,1,No,3.0,2,5.0,9.0,38.34,Placed,11.84,2025,2026-05-18
ST0442,Student_0442,Female,IT,6.05,69.54,74.46,86.45,0,No,2.0,6,2.0,1.0,65.93,Not placed,0.0,2026,2023-11-24
ST0527,Student_0527,Male,CSE,6.41,63.43,88.29,80.79,0,Yes,3.0,6,7.0,8.0,80.62,Not placed,0.0,2023,2024-01-27
ST0484,Student_0484,Female,CSE,7.49,50.02,58.65,79.44,0,Yes,1.0,6,7.0,9.0,69.54,Placed,8.33,2026,2023-12-26
ST0561,Student_0561,Female,IT,6.48,78.95,70.34,,0,No,4.0,2,2.0,7.0,53.09,Placed,7.48,2026,2024-02-21
ST1047,Student_1047,Male,IT,6.03,88.78,82.59,80.16,0,No,4.0,0,1.0,10.0,67.94,Placed,9.29,2024,2025-02-16
ST1206,Student_1206,Female,IT,6.16,75.5,78.29,73.63,0,No,4.0,2,3.0,10.0,48.81,Not placed,0.0,2024,2025-06-15
ST1436,Student_1436,Female,IT,7.55,60.03,71.72,64.55,0,No,0.0,6,8.0,7.0,62.61,Placed,11.11,2025,2025-12-03
ST0306,Student_0306,Male,Mechanical,7.13,63.21,73.76,71.75,4,Yes,4.0,4,1.0,8.0,84.08,Placed,6.9,2023,2023-08-15
ST0360,Student_0360,Male,ECE,5.58,81.06,72.56,77.32,2,No,3.0,0,5.0,6.0,50.48,Placed,9.88,2026,2023-09-25
ST0543,Student_0543,Male,ECE,7.76,87.95,71.99,73.82,1,No,3.0,2,3.0,2.0,62.49,Placed,9.6,2026,2024-02-08
ST0848,Student_0848,Female,CSE,6.65,87.02,61.91,70.72,0,Yes,2.0,2,4.0,8.0,80.52,Placed,8.34,2024,2024-09-21
ST1202,Student_1202,Female,ECE,5.95,83.44,82.38,78.69,1,Yes,5.0,3,9.0,3.0,74.97,Placed,10.06,2026,2025-06-12
ST1168,Student_1168,Female,CSE,6.55,63.78,60.62,66.0,0,No,2.0,1,2.0,2.0,52.94,Placed,7.06,2025,2025-05-17
ST0384,Student_0384,Male,CSE,7.25,78.83,63.4,86.42,0,No,1.0,0,8.0,7.0,43.05,Placed,,2023,2023-10-12
ST0120,Student_0120,Male,CSE,8.42,78.93,66.78,69.41,0,Yes,2.0,5,3.0,7.0,47.63,Placed,7.49,2025,2023-03-30
ST1252,Student_1252,Female,CSE,8.69,70.54,87.4,89.56,0,No,4.0,6,5.0,6.0,73.43,Placed,11.48,2025,2025-07-19
ST1195,Student_1195,Female,CSE,8.6,81.89,50.64,78.62,2,Yes,1.0,4,9.0,7.0,66.96,Placed,11.28,2024,2025-06-07
ST1616,Student_1616,Male,Civil,7.32,58.29,61.8,62.95,1,No,1.0,1,5.0,8.0,51.83,Placed,11.33,2023,2026-04-16
ST0563,Student_0563,Male,CSE,7.46,69.11,78.56,78.97,0,No,3.0,4,6.0,1.0,50.34,Placed,11.59,2026,2024-02-22
ST0367,Student_0367,Female,IT,7.22,64.45,60.42,93.3,0,Yes,2.0,6,6.0,3.0,100.0,Placed,8.67,2026,2023-09-30
ST0710,Student_0710,Female,ECE,7.34,46.68,78.81,70.35,1,Yes,5.0,4,8.0,4.0,54.35,Placed,10.56,2025,2024-06-11
ST1331,Student_1331,Female,Mechanical,9.2,87.53,89.9,82.96,0,No,1.0,2,5.0,4.0,54.93,Placed,12.68,2024,2025-09-16
ST0542,Student_0542,Female,CSE,8.08,87.84,81.16,86.75,0,Yes,2.0,0,1.0,3.0,68.65,Placed,8.95,2026,2024-02-07
ST1686,Student_1686,Male,ECE,5.71,49.46,53.6,92.02,1,No,5.0,4,2.0,4.0,55.02,Placed,8.17,2024,2026-06-07
ST1529,Student_1529,Female,IT,7.66,64.64,66.57,65.18,3,No,5.0,4,4.0,5.0,20.0,Not placed,0.0,2026,2026-02-10
ST0244,Student_0244,Male,ECE,,65.34,49.31,84.44,0,No,4.0,4,3.0,4.0,75.98,Not placed,0.0,2024,2023-06-30
ST0703,Student_0703,Male,CSE,9.06,78.86,56.7,59.55,0,No,3.0,4,5.0,8.0,90.83,Placed,11.5,2025,2024-06-06
ST1200,Student_1200,Male,IT,8.33,75.98,61.18,77.67,2,Yes,4.0,5,6.0,6.0,67.9,Placed,,2023,2025-06-10
ST0342,Student_0342,Female,Mechanical,9.86,69.76,56.41,99.03,0,Yes,0.0,2,6.0,2.0,63.01,Placed,11.19,2026,2023-09-11
ST0104,Student_0104,Female,Mechanical,8.39,46.61,82.03,87.04,2,No,1.0,5,2.0,1.0,53.02,Not placed,0.0,2024,2023-03-18
ST1773,Student_1773,Male,Mechanical,,75.58,81.29,85.34,0,No,1.0,1,10.0,2.0,66.03,Placed,13.4,2026,2026-08-10
ST0101,Student_0101,Male,CSE,6.82,83.62,70.4,90.73,0,Yes,2.0,1,1.0,1.0,54.09,Placed,8.51,2023,2023-03-16
ST0512,Student_0512,Female,CSE,7.28,77.23,62.67,78.17,3,No,0.0,1,3.0,10.0,89.12,Not placed,9.75,2023,2024-01-16
ST0719,Student_0719,Female,ECE,6.89,58.83,48.22,100.0,0,Yes,3.0,5,8.0,1.0,60.46,Placed,8.83,2023,2024-06-18
ST0428,Student_0428,Female,Mechanical,7.5,71.76,62.9,100.0,4,Yes,2.0,5,7.0,10.0,57.91,Placed,12.6,2025,2023-11-14
ST1394,Student_1394,Female,ECE,9.13,77.1,72.51,78.76,0,No,0.0,2,2.0,6.0,66.49,Placed,,2025,2025-11-02
ST0779,Student_0779,Female,CSE,7.05,84.55,59.54,73.59,0,Yes,4.0,4,10.0,10.0,75.4,Not placed,11.28,2026,2024-08-01
ST1704,Student_1704,Male,IT,6.08,77.98,62.83,78.67,2,No,3.0,0,9.0,5.0,67.48,Placed,11.46,2024,2026-06-20
ST1385,Student_1385,Male,CSE,7.93,68.43,84.67,78.47,1,Yes,2.0,2,1.0,2.0,83.15,Not placed,0.0,2026,2025-10-26
ST1315,Student_1315,Female,Mechanical,8.2,84.72,81.78,84.35,3,No,3.0,1,2.0,1.0,69.83,Placed,8.19,2023,2025-09-04
ST1335,Student_1335,Female,ECE,7.68,86.91,75.6,84.71,0,No,2.0,2,2.0,10.0,64.49,Placed,9.58,2024,2025-09-19
ST0919,Student_0919,Female,ECE,7.93,69.38,85.17,72.13,1,Yes,0.0,4,4.0,2.0,25.6,Not placed,0.0,2026,2024-11-13
ST1525,Student_1525,Male,CSE,7.65,84.76,80.91,62.55,0,No,4.0,4,6.0,3.0,27.71,Placed,10.37,2025,2026-02-07
ST0453,Student_0453,Female,IT,7.45,68.33,53.98,79.27,0,Yes,3.0,1,10.0,4.0,71.37,Placed,9.43,2025,2023-12-03
ST1510,Student_1510,Female,IT,7.96,74.4,62.03,79.93,0,No,2.0,0,8.0,10.0,59.55,Placed,10.31,2026,2026-01-27
ST0980,Student_0980,Female,ECE,5.63,66.76,69.81,85.94,0,Yes,4.0,3,7.0,5.0,89.15,Placed,7.98,2024,2024-12-29
ST0425,Student_0425,Female,Civil,6.63,79.04,80.97,93.52,0,Yes,4.0,5,5.0,8.0,57.51,Placed,8.57,2025,2023-11-12
ST1520,Student_1520,Male,IT,7.07,60.93,56.82,88.97,0,Yes,0.0,2,1.0,3.0,44.38,Placed,8.64,2026,2026-02-03
ST0256,Student_0256,Male,Mechanical,6.74,78.59,66.74,80.6,0,Yes,3.0,0,5.0,2.0,62.77,Placed,9.1,2024,2023-07-09
ST1604,Student_1604,Male,Civil,7.65,77.1,88.35,82.74,1,Yes,2.0,5,10.0,12.0,91.19,Placed,10.18,2024,2026-04-07
ST0893,Student_0893,Male,ECE,7.09,66.54,77.02,74.02,0,Yes,,5,4.0,9.0,,Placed,9.13,2025,2024-10-25
ST0697,Student_0697,Male,CSE,8.75,68.33,64.04,75.67,0,No,2.0,3,10.0,5.0,85.54,Placed,13.57,2024,2024-06-01
ST0218,Student_0218,Male,Civil,,74.05,85.83,82.93,0,No,4.0,0,5.0,4.0,64.64,Placed,7.97,2026,2023-06-11
ST1232,Student_1232,Female,CSE,5.81,54.25,75.55,67.05,0,Yes,5.0,1,2.0,8.0,67.79,Placed,10.83,2025,2025-07-04
ST0299,Student_0299,Male,Mechanical,8.62,77.77,51.38,81.91,0,Yes,2.0,2,7.0,2.0,52.32,Not placed,12.12,2024,2023-08-10
ST0208,Student_0208,Female,Mechanical,7.55,78.38,55.61,85.2,0,No,1.0,4,10.0,8.0,51.02,Not placed,0.0,2024,2023-06-03
ST1277,Student_1277,Male,CSE,8.18,86.6,90.69,71.33,0,Yes,3.0,1,10.0,8.0,46.73,Placed,13.47,2024,2025-08-07
ST0454,Student_0454,Female,Mechanical,8.72,76.98,94.48,98.9,0,No,5.0,3,7.0,2.0,90.15,Placed,12.7,2025,2023-12-03
ST1512,Student_1512,Male,CSE,7.32,68.67,68.12,82.96,2,Yes,0.0,4,2.0,7.0,61.66,Placed,11.09,2025,
ST1727,Student_1727,Female,CSE,6.1,85.1,62.99,71.64,2,Yes,2.0,3,1.0,7.0,81.49,Not placed,0.0,2026,2026-07-07
ST0109,Student_0109,Female,CSE,7.09,74.78,59.5,94.36,1,Yes,1.0,3,8.0,5.0,78.7,Placed,11.06,2025,2023-03-22
ST1103,Student_1103,Female,Unknown,6.43,82.31,60.33,95.15,0,No,3.0,6,4.0,10.0,47.39,Placed,8.31,2025,
ST1282,Student_1282,Male,CSE,7.1,64.21,73.35,83.31,1,Yes,3.0,6,4.0,4.0,62.19,Placed,10.8,2025,2025-08-10
ST1781,Student_1781,Female,CSE,6.08,75.87,92.19,99.24,0,Yes,2.0,5,10.0,2.0,66.17,Placed,8.7,2026,2026-08-16
ST1652,Student_1652,Female,CSE,7.17,85.23,77.35,76.12,0,No,2.0,5,1.0,4.0,92.46,Not placed,0.0,2024,2026-05-12
ST0578,Student_0578,Female,Mechanical,7.52,77.66,82.43,88.19,0,No,5.0,5,7.0,3.0,76.14,Placed,10.49,2026,2024-03-05
ST1662,Student_1662,Male,Mechanical,7.09,72.46,73.86,61.92,0,Yes,5.0,6,7.0,10.0,91.37,Placed,9.09,2023,2026-05-20
ST0682,Student_0682,Male,IT,6.86,54.8,71.92,86.42,1,Yes,0.0,5,4.0,1.0,77.15,Not placed,0.0,2026,2024-05-21
ST1178,Student_1178,Female,IT,7.86,75.46,69.06,84.09,0,No,4.0,2,6.0,4.0,58.7,Not placed,0.0,2026,2025-05-25
ST1387,Student_1387,Male,Civil,6.7,59.9,92.29,97.63,0,No,4.0,2,3.0,8.0,70.55,Placed,8.93,2024,2025-10-27
ST0240,Student_0240,Female,ECE,8.74,67.88,66.49,91.67,1,Yes,1.0,0,7.0,1.0,62.62,Placed,9.78,2024,2023-06-27
ST0840,Student_0840,Male,IT,7.77,82.97,87.18,82.36,1,No,4.0,4,6.0,8.0,86.83,Placed,12.8,2025,2024-09-16
ST0315,Student_0315,Male,ECE,7.0,75.25,74.21,95.93,1,No,2.0,0,4.0,6.0,59.9,Not placed,0.0,2024,2023-08-22
ST1624,Student_1624,Female,IT,7.05,81.39,85.97,85.76,2,Yes,3.0,5,5.0,6.0,67.22,Placed,9.27,2026,2026-04-22
ST1132,Student_1132,Female,ECE,7.55,85.47,93.31,66.01,0,No,5.0,5,5.0,,49.58,Placed,14.18,2023,2025-04-21
ST1409,Student_1409,Male,CSE,7.45,71.53,67.19,84.76,0,No,3.0,0,1.0,,60.02,Placed,12.8,2024,2025-11-13
ST0870,Student_0870,Female,IT,7.34,82.39,92.15,79.62,1,No,1.0,4,8.0,7.0,73.81,Not placed,13.25,2023,2024-10-08
ST0936,Student_0936,Male,ECE,7.82,58.15,62.84,76.19,2,No,3.0,4,8.0,9.0,68.78,Placed,10.75,2024,2024-11-26
ST0673,Student_0673,Female,Mechanical,7.85,91.35,68.98,74.6,0,No,4.0,0,5.0,3.0,75.66,Placed,9.81,2023,
ST0414,Student_0414,Male,Mechanical,7.19,85.25,80.52,84.45,4,No,3.0,3,8.0,7.0,,Placed,12.6,2024,
ST0569,Student_0569,Male,Civil,8.12,53.3,69.19,84.36,1,Yes,3.0,6,7.0,2.0,54.24,Placed,10.48,2023,2024-02-27
ST1515,Student_1515,Female,ECE,6.69,82.56,80.69,76.98,2,Yes,2.0,0,10.0,7.0,79.75,Not placed,0.0,2024,2026-01-31
ST0324,Student_0324,Female,Civil,6.78,64.08,82.4,85.41,1,No,4.0,0,4.0,6.0,80.39,Not placed,0.0,2023,2023-08-29
ST0331,Student_0331,Male,Civil,7.58,84.98,73.54,100.0,0,No,2.0,1,1.0,1.0,47.86,Placed,9.29,2024,2023-09-03
ST0357,Student_0357,Female,CSE,7.11,70.42,69.59,91.71,0,Yes,,5,6.0,7.0,60.78,Placed,11.17,2024,2023-09-22
ST1358,Student_1358,Male,IT,,88.63,52.25,78.72,0,No,2.0,1,6.0,6.0,84.39,Placed,9.33,2025,2025-10-06
ST0047,Student_0047,Unknown,CSE,5.89,80.06,77.97,58.47,1,No,4.0,3,8.0,3.0,44.73,Not placed,,2025,2023-02-04
ST1014,Student_1014,Male,IT,6.9,67.72,56.58,79.91,1,Yes,3.0,1,9.0,7.0,41.86,Not placed,0.0,2023,2025-01-23
ST1404,Student_1404,Female,CSE,6.26,86.93,74.09,70.13,0,No,0.0,3,5.0,3.0,68.77,Placed,,2024,2025-11-09
ST1225,Student_1225,Male,Civil,6.91,66.31,62.02,73.44,0,Yes,5.0,0,5.0,6.0,38.87,Not placed,0.0,2024,2025-06-29
ST1752,Student_1752,Female,IT,7.68,71.58,76.25,81.06,0,No,1.0,3,7.0,3.0,56.92,Not placed,0.0,2026,2026-07-26
ST0252,Student_0252,Male,Mechanical,6.54,69.91,90.86,90.15,3,No,4.0,3,4.0,4.0,100.0,Placed,9.36,2023,2023-07-06
ST1271,Student_1271,Female,ECE,7.99,71.69,81.64,71.84,0,Yes,4.0,0,9.0,3.0,85.95,Placed,9.58,2023,2025-08-02
ST0411,Student_0411,Male,CSE,6.79,84.41,67.67,60.28,0,No,3.0,0,3.0,5.0,75.6,Placed,8.21,2023,2023-11-01
ST1602,Student_1602,Male,Mechanical,6.67,67.51,80.97,100.0,1,No,0.0,5,2.0,8.0,60.26,Not placed,0.0,2025,2026-04-05
ST0970,Student_0970,Male,Mechanical,8.08,81.04,63.94,90.64,0,No,2.0,2,2.0,2.0,70.47,Placed,10.99,2024,2024-12-21
ST0186,Student_0186,Male,IT,7.92,71.27,63.17,87.68,2,Yes,3.0,0,3.0,9.0,54.86,Placed,12.5,2024,
ST0887,Student_0887,Male,ECE,5.98,88.2,84.98,79.35,0,No,2.0,0,4.0,2.0,62.21,Not placed,0.0,2025,2024-10-20
ST0238,Student_0238,Female,IT,5.79,72.54,86.46,62.76,0,Yes,2.0,4,4.0,6.0,81.29,Placed,8.32,2025,2023-06-26
ST1230,Student_1230,Male,IT,6.52,63.7,74.07,94.62,0,No,0.0,4,5.0,5.0,78.68,Placed,7.0,2023,2025-07-03
ST1356,Student_1356,Female,ECE,6.98,79.16,49.85,84.29,0,Yes,5.0,6,2.0,5.0,30.72,Placed,10.51,2023,2025-10-04
ST1728,Student_1728,Male,ECE,8.09,74.56,81.35,69.04,0,No,1.0,4,1.0,2.0,44.51,Placed,9.69,2023,2026-07-08
ST0946,Student_0946,Male,CSE,9.32,64.86,81.55,74.23,3,No,2.0,6,4.0,2.0,98.28,Placed,,2026,2024-12-03
ST0465,Student_0465,Female,Mechanical,,83.4,43.16,72.93,1,No,3.0,3,9.0,4.0,54.35,Placed,9.81,2024,2023-12-12
ST0468,Student_0468,Male,Civil,7.71,65.36,67.76,71.65,0,No,5.0,5,2.0,7.0,94.1,Placed,8.88,2025,2023-12-14
ST0700,Student_0700,Male,Civil,7.13,79.25,67.87,87.35,2,Yes,3.0,6,4.0,5.0,57.1,Placed,11.17,2025,2024-06-03
ST0295,Student_0295,Female,CSE,5.97,61.27,69.5,89.63,0,No,0.0,0,2.0,10.0,,Not placed,0.0,2026,2023-08-07
ST0651,Student_0651,Male,Civil,8.37,77.09,95.64,47.58,0,Yes,5.0,2,10.0,3.0,84.84,Placed,10.11,2023,2024-04-28
ST1508,Student_1508,Female,CSE,7.87,86.84,76.05,93.47,4,Yes,4.0,3,6.0,20.0,,Placed,10.52,2024,2026-01-25
ST1150,Student_1150,Male,CSE,8.05,89.78,55.1,63.95,3,No,1.0,2,6.0,1.0,69.2,Not placed,0.0,2025,2025-05-04
ST0121,Student_0121,Female,ECE,7.37,67.62,75.67,91.04,0,No,0.0,1,,8.0,97.47,Placed,10.51,2025,2023-03-31
ST0416,Student_0416,Male,ECE,7.93,75.27,70.58,70.59,2,Yes,3.0,2,2.0,4.0,64.57,Not placed,0.0,2024,2023-11-05
ST0031,Student_0031,Male,CSE,6.39,67.68,73.32,64.67,2,Yes,5.0,1,5.0,10.0,77.02,Placed,11.13,2023,2023-01-23
ST1635,Student_1635,Male,Mechanical,7.73,,84.42,89.39,0,No,3.0,4,8.0,1.0,67.63,Placed,11.97,2023,2026-04-30
ST0284,Student_0284,Male,Civil,6.58,56.41,85.04,76.02,2,Yes,2.0,0,5.0,2.0,73.18,Placed,9.77,2025,2023-07-30
ST0285,Student_0285,Female,CSE,8.52,75.45,78.27,81.18,1,No,2.0,1,8.0,3.0,50.52,Placed,11.28,2026,2023-07-31
ST0930,Student_0930,Male,CSE,7.1,73.58,76.29,95.9,0,Yes,4.0,4,2.0,6.0,52.74,Placed,9.3,2024,2024-11-21
ST1632,Student_1632,Unknown,Unknown,7.49,74.74,80.3,78.98,0,Unknown,0.0,3,4.0,4.0,99.77,Placed,,2025,2026-04-28
ST1541,Student_1541,Male,ECE,8.53,90.15,54.11,89.23,0,Yes,4.0,2,8.0,1.0,,Placed,9.96,2026,2026-02-19
ST1143,Student_1143,Female,ECE,8.38,81.1,58.15,79.33,0,No,5.0,6,6.0,4.0,78.31,Placed,13.68,2025,2025-04-29
ST0139,Student_0139,Unknown,CSE,7.0,63.11,65.81,79.96,4,Yes,3.0,0,7.0,9.0,87.66,Placed,9.58,2025,2023-04-13
ST0645,Student_0645,Female,Civil,7.01,67.51,71.11,75.29,0,No,0.0,4,4.0,9.0,66.88,Placed,7.25,2024,2024-04-23
ST1001,Student_1001,Female,ECE,7.41,85.97,91.5,71.18,0,Yes,2.0,1,10.0,7.0,56.47,Not placed,0.0,2024,2025-01-13
ST0213,Student_0213,Male,CSE,7.99,78.81,73.01,73.69,2,No,2.0,0,2.0,2.0,71.27,Not placed,0.0,2024,2023-06-07
ST1611,Student_1611,Male,CSE,6.79,91.89,66.4,79.98,0,No,2.0,4,8.0,1.0,60.94,Placed,9.28,2026,2026-04-12
ST0915,Student_0915,Female,CSE,8.21,86.66,62.24,81.88,0,No,2.0,3,1.0,6.0,65.03,Not placed,0.0,2024,2024-11-10
ST0567,Student_0567,Female,Civil,8.58,66.95,62.78,91.54,3,Yes,4.0,5,12.0,2.0,74.15,Not placed,0.0,2025,2024-02-25
ST0042,Student_0042,Male,ECE,7.42,63.98,71.19,80.3,3,No,2.0,1,5.0,2.0,59.15,Placed,10.75,2026,2023-01-31
ST0351,Student_0351,Female,Mechanical,6.89,95.93,90.04,66.8,0,Yes,1.0,1,1.0,6.0,68.64,Placed,7.52,2023,2023-09-18
ST1711,Student_1711,Male,Mechanical,6.89,82.86,92.41,,0,No,3.0,3,6.0,,76.31,Placed,8.58,2026,2026-06-25
ST0743,Student_0743,Female,ECE,5.41,79.8,74.42,74.68,0,Yes,2.0,5,8.0,10.0,86.25,Placed,8.87,2024,2024-07-05
ST1665,Student_1665,Male,IT,7.51,86.25,73.48,69.92,0,No,4.0,4,7.0,8.0,61.38,Not placed,0.0,2024,2026-05-22
ST0510,Student_0510,Female,Civil,7.9,80.0,76.96,100.0,4,Yes,2.0,3,3.0,4.0,65.56,Placed,10.69,2023,2024-01-14
ST1321,Student_1321,Female,Mechanical,7.02,65.34,83.65,98.69,0,Yes,4.0,3,7.0,6.0,39.18,Placed,8.48,2023,2025-09-08
ST0937,Student_0937,Female,CSE,9.25,76.91,59.21,86.04,0,No,2.0,2,10.0,6.0,88.23,Placed,11.74,2024,2024-11-27
ST1561,Student_1561,Male,Unknown,8.03,70.89,40.5,86.97,1,No,5.0,6,2.0,5.0,51.48,Placed,12.24,2025,2026-03-06
ST0495,Student_0495,Male,IT,7.91,65.99,78.73,48.61,0,Yes,2.0,4,3.0,8.0,37.26,Placed,10.55,2026,2024-01-03
ST0452,Student_0452,Unknown,ECE,7.89,76.76,69.64,74.96,1,No,3.0,2,6.0,6.0,61.57,Placed,8.29,2025,2023-12-02
ST0357,Student_0357,Female,CSE,7.11,70.42,69.59,92.71,0,Yes,,5,6.0,7.0,60.78,Placed,11.17,2024,2023-09-22
ST0969,Student_0969,Female,CSE,7.37,81.71,60.57,62.2,0,No,2.0,0,5.0,4.0,87.99,Not placed,0.0,2026,2024-12-20
ST0691,Student_0691,Female,ECE,7.22,70.46,60.49,63.48,0,No,2.0,4,4.0,8.0,74.81,Not placed,0.0,2026,2024-05-28
ST0562,Student_0562,Male,ECE,7.26,65.42,89.13,88.46,0,Yes,3.0,4,1.0,7.0,63.9,Placed,10.67,2025,2024-02-22
ST0192,Student_0192,Male,ECE,8.28,73.63,74.77,94.38,2,Yes,2.0,3,4.0,6.0,51.73,Placed,13.31,2026,
ST0752,Student_0752,Male,Unknown,5.38,69.24,50.7,93.74,0,No,5.0,3,4.0,1.0,41.46,Not placed,0.0,2024,
ST0511,Student_0511,Male,CSE,9.31,61.43,70.62,77.98,2,Yes,4.0,5,7.0,2.0,82.42,Not placed,0.0,2024,2024-01-15
ST1503,Student_1503,Female,IT,7.26,76.07,75.7,84.89,1,Yes,2.0,4,10.0,4.0,57.63,Placed,10.38,2026,2026-01-22
ST1606,Student_1606,Male,CSE,7.38,100.0,76.32,74.69,1,Yes,4.0,4,8.0,6.0,65.07,Placed,10.61,2026,2026-04-08
ST0928,Student_0928,Female,Civil,7.7,84.49,89.9,80.23,0,No,1.0,6,2.0,2.0,95.21,Placed,11.12,2025,
ST1796,Student_1796,Female,ECE,7.16,62.85,64.3,83.62,0,Yes,4.0,1,9.0,8.0,92.07,Placed,8.91,2024,2026-08-28
ST0521,Student_0521,Female,IT,6.59,70.05,66.73,69.2,0,No,3.0,6,3.0,5.0,89.54,Placed,9.48,2026,2024-01-22
ST1750,Student_1750,Male,IT,7.3,70.01,69.11,76.93,0,No,2.0,3,6.0,1.0,52.62,Not placed,0.0,2024,2026-07-24
ST0174,Student_0174,Female,CSE,7.75,83.86,84.66,89.95,0,No,2.0,4,1.0,2.0,75.06,Placed,7.92,2024,2023-05-09
ST0333,Student_0333,Female,CSE,7.98,82.6,68.98,65.84,0,No,5.0,4,3.0,2.0,67.58,Placed,11.97,2023,2023-09-04
ST1043,Student_1043,Male,Mechanical,6.18,64.92,48.61,84.1,0,Yes,1.0,3,6.0,2.0,65.62,Placed,8.81,2026,2025-02-13
ST0163,Student_0163,Female,Mechanical,7.59,73.87,57.61,94.9,0,Yes,1.0,3,4.0,4.0,72.06,Placed,12.22,2023,2023-05-01
ST0777,Student_0777,Male,CSE,7.08,89.07,86.95,65.76,0,No,3.0,0,6.0,4.0,53.6,Placed,6.1,2025,2024-07-31
ST1117,Student_1117,Male,IT,7.94,54.26,74.01,57.97,0,No,3.0,2,5.0,4.0,59.78,Placed,11.62,2023,2025-04-10
ST1189,Student_1189,Male,Mechanical,8.62,59.18,92.26,85.23,0,Yes,2.0,0,9.0,7.0,27.08,Placed,10.79,2023,2025-06-02
ST1343,Student_1343,Male,ECE,7.55,63.0,57.91,,0,Unknown,4.0,6,3.0,5.0,61.52,Placed,0.0,2025,2025-09-25
ST0647,Student_0647,Male,Mechanical,7.24,63.23,76.93,96.0,0,No,1.0,3,8.0,,66.76,Placed,6.83,2023,2024-04-25
ST1126,Student_1126,Female,CSE,7.65,63.78,91.63,,0,No,0.0,1,3.0,3.0,81.92,Placed,11.74,2024,2025-04-16
ST1586,Student_1586,Female,Civil,7.34,59.81,89.93,89.11,2,No,2.0,5,2.0,7.0,98.6,Placed,9.99,2024,2026-03-24
ST1774,Student_1774,Female,CSE,6.56,68.96,74.1,62.32,0,Yes,2.0,6,2.0,1.0,80.81,Not placed,0.0,2024,2026-08-11
ST1446,Student_1446,Male,ECE,7.79,82.4,76.96,70.87,1,No,2.0,2,7.0,4.0,60.64,Not placed,,2026,2025-12-10
ST0760,Student_0760,Male,IT,7.88,70.17,87.53,60.9,3,No,5.0,6,7.0,1.0,83.34,Placed,11.59,2026,2024-07-18
ST0450,Student_0450,Female,CSE,9.26,67.24,82.64,62.84,0,Yes,0.0,0,8.0,10.0,70.32,Placed,11.78,2025,2023-11-30
ST1687,Student_1687,Female,CSE,7.12,73.32,81.6,92.07,0,No,4.0,2,1.0,5.0,76.37,Not placed,1.5,2025,2026-06-07
ST0992,Student_0992,Female,IT,6.89,78.05,84.95,82.02,0,No,4.0,5,2.0,8.0,69.9,Not placed,,2025,2025-01-07
ST1272,Student_1272,Female,CSE,8.07,69.9,53.45,68.46,0,No,1.0,4,10.0,7.0,33.84,Placed,8.48,2024,2025-08-03
ST0948,Student_0948,Female,CSE,8.05,79.32,63.13,64.48,0,Yes,0.0,5,8.0,1.0,52.28,Placed,9.45,2025,2024-12-05
ST0977,Student_0977,Female,ECE,6.21,70.03,68.45,90.5,1,Yes,0.0,4,10.0,1.0,50.03,Not placed,,2023,2024-12-26
ST1447,Student_1447,Female,ECE,6.67,100.0,86.06,83.07,3,Yes,1.0,4,1.0,2.0,100.0,Placed,9.35,2024,2025-12-11
ST1798,Student_1798,Female,IT,7.96,72.69,68.56,90.8,0,Yes,2.0,0,1.0,9.0,85.15,Placed,10.81,2025,2026-08-29
ST0497,Student_0497,Male,IT,8.9,78.5,57.31,68.58,0,No,4.0,3,,5.0,72.82,Placed,10.55,2023,2024-01-04
ST0176,Student_0176,Female,IT,10.0,77.43,68.73,77.0,0,No,4.0,4,4.0,1.0,78.48,Placed,12.18,2023,2023-05-11
ST0044,Student_0044,Female,Mechanical,7.65,75.87,63.8,94.84,0,No,3.0,2,8.0,7.0,48.97,Not placed,0.0,2024,2023-02-01
ST1729,Student_1729,Female,IT,6.78,88.78,66.22,100.0,0,Yes,3.0,5,7.0,4.0,58.79,Placed,9.64,2026,2026-07-09
ST1638,Student_1638,Male,CSE,8.8,81.92,67.84,70.01,0,No,0.0,3,2.0,4.0,49.2,Not placed,0.0,2024,2026-05-02
ST0921,Student_0921,Male,CSE,6.13,48.75,75.83,62.44,0,Yes,4.0,5,7.0,3.0,65.95,Placed,9.28,2025,2024-11-15
ST1199,Student_1199,Male,Mechanical,6.41,76.5,72.26,84.13,0,Yes,3.0,4,10.0,8.0,70.08,Placed,9.96,2023,2025-06-10
ST0582,Student_0582,Male,CSE,9.03,85.58,86.33,60.68,0,No,0.0,0,2.0,3.0,67.89,Placed,10.21,2024,2024-03-08
ST1782,Student_1782,Female,Mechanical,7.72,64.64,99.45,70.47,0,Yes,2.0,2,9.0,8.0,58.6,Placed,10.69,2026,2026-08-17
ST1428,Student_1428,Male,CSE,7.62,65.95,64.47,76.43,0,No,2.0,2,8.0,10.0,85.95,Placed,10.05,2025,2025-11-27
ST1412,Student_1412,Female,Civil,8.95,79.28,77.35,98.42,0,No,4.0,3,10.0,6.0,48.03,Placed,9.43,2024,2025-11-15
ST0604,Student_0604,Female,IT,6.62,66.22,69.83,98.33,2,No,3.0,2,4.0,7.0,45.52,Placed,9.95,2026,2024-03-24
ST0727,Student_0727,Male,CSE,6.78,71.85,60.0,91.22,1,Yes,2.0,4,3.0,4.0,44.97,Placed,8.28,2024,2024-06-23
ST0426,Student_0426,Male,IT,8.03,82.16,77.93,100.0,0,Yes,4.0,4,8.0,2.0,38.59,Placed,10.89,2026,2023-11-13
ST0822,Student_0822,Female,CSE,8.28,72.44,85.73,74.43,4,No,1.0,0,,10.0,59.08,Not placed,0.0,2023,2024-09-02
ST1506,Student_1506,Male,ECE,7.77,68.87,87.15,83.95,0,No,2.0,3,4.0,4.0,60.08,Placed,11.12,2026,
ST0897,Student_0897,Female,Mechanical,7.69,75.85,77.11,88.3,1,No,2.0,5,7.0,6.0,66.96,Not placed,,2025,2024-10-28
ST1582,Student_1582,Female,Civil,6.18,82.29,64.68,85.4,0,Yes,2.0,6,9.0,6.0,77.32,Placed,8.65,2024,2026-03-21
ST1739,Student_1739,Male,Civil,7.64,57.7,68.37,97.87,0,No,3.0,2,4.0,2.0,66.87,Not placed,12.83,2023,2026-07-16
ST0715,Student_0715,Female,IT,7.72,81.37,81.63,72.95,1,No,2.0,1,3.0,3.0,74.43,Not placed,0.0,2026,2024-06-15
ST0837,Student_0837,Male,IT,7.85,63.17,89.23,85.69,0,No,0.0,5,3.0,6.0,52.12,Not placed,0.0,2025,2024-09-13
ST0770,Student_0770,Male,Mechanical,7.79,70.31,69.06,90.33,1,No,0.0,2,6.0,4.0,78.52,Placed,9.61,2023,2024-07-25
ST0394,Student_0394,Female,ECE,7.19,64.23,75.31,92.89,0,Yes,3.0,4,9.0,5.0,74.22,Placed,11.98,2024,2023-10-20
ST1630,Student_1630,Female,Civil,7.48,82.75,94.38,91.91,0,No,1.0,0,5.0,8.0,53.72,Not placed,0.0,2026,2026-04-26
ST0587,Student_0587,Female,IT,8.13,70.83,98.57,69.86,4,No,3.0,3,4.0,7.0,68.85,Placed,14.16,2024,2024-03-11
ST0711,Student_0711,Male,Civil,7.8,83.14,52.1,82.13,0,Yes,5.0,6,7.0,2.0,65.56,Placed,13.13,2023,2024-06-12
ST1158,Student_1158,Male,IT,7.29,80.05,92.86,93.8,1,No,3.0,6,6.0,8.0,85.07,Not placed,0.0,2026,2025-05-10
ST0944,Student_0944,Male,ECE,9.13,77.33,74.37,74.05,0,Yes,2.0,3,4.0,9.0,59.48,Placed,10.83,2023,2024-12-02
ST0737,Student_0737,Female,IT,6.66,68.58,63.65,88.36,2,No,2.0,5,8.0,3.0,64.09,Placed,8.74,2025,2024-07-01
ST1011,Student_1011,Male,IT,8.35,80.87,54.18,76.79,0,Yes,,1,3.0,10.0,50.52,Placed,13.78,2025,2025-01-21
ST0115,Student_0115,Male,Mechanical,9.12,84.32,80.93,89.45,1,Yes,2.0,3,6.0,4.0,97.11,Placed,12.47,2023,2023-03-26
ST1680,Student_1680,Female,ECE,8.31,75.38,85.98,88.87,1,No,4.0,6,3.0,7.0,55.51,Placed,10.07,2023,2026-06-02
ST0173,Student_0173,Male,CSE,7.12,88.51,71.33,,4,No,1.0,2,3.0,6.0,60.61,Placed,8.67,2023,2023-05-08
ST1149,Student_1149,Male,ECE,7.58,78.34,69.69,84.2,0,No,,3,3.0,4.0,70.51,Placed,11.99,2024,2025-05-03
ST0311,Student_0311,Female,IT,9.25,56.58,83.49,79.37,0,Yes,5.0,2,5.0,7.0,80.8,Placed,12.07,2023,2023-08-19
ST0757,Student_0757,Female,ECE,6.97,67.04,70.49,81.52,0,Yes,3.0,2,2.0,4.0,63.37,Placed,6.35,2025,2024-07-16
ST0798,Student_0798,Male,Unknown,7.71,70.12,72.55,77.57,1,Yes,4.0,6,7.0,2.0,57.17,Placed,8.89,2025,2024-08-15
ST0443,Student_0443,Male,Civil,7.2,64.08,68.8,73.45,1,No,3.0,2,4.0,8.0,62.76,Placed,6.34,2026,2023-11-25
ST0910,Student_0910,Female,CSE,7.29,68.46,72.54,85.11,0,No,3.0,5,8.0,5.0,41.17,Placed,11.09,2024,
ST1380,Student_1380,Female,CSE,6.97,65.21,76.89,86.84,0,No,3.0,3,5.0,8.0,76.76,Placed,9.06,2023,2025-10-22
ST1303,Student_1303,Male,IT,8.02,64.44,78.51,75.13,0,No,4.0,6,8.0,2.0,54.26,Placed,11.58,2023,2025-08-26
ST0243,Student_0243,Female,ECE,7.66,70.16,80.54,77.1,3,No,3.0,1,5.0,2.0,57.14,Placed,11.69,2025,2023-06-29
ST1608,Student_1608,Male,IT,7.34,71.46,53.88,90.5,0,No,2.0,5,3.0,8.0,69.11,Placed,10.85,2023,2026-04-10
ST0427,Student_0427,Male,CSE,4.86,77.27,71.26,79.59,0,No,1.0,1,,7.0,60.72,Placed,6.65,2025,
ST0616,Student_0616,Male,Unknown,7.2,80.84,73.83,79.75,0,Yes,4.0,2,3.0,10.0,49.87,Placed,9.79,2023,2024-04-02
ST0219,Student_0219,Female,CSE,8.19,69.85,54.67,87.3,1,Yes,3.0,3,2.0,1.0,,Not placed,10.23,2023,2023-06-12
ST1490,Student_1490,Male,ECE,8.39,63.21,53.87,86.66,0,No,3.0,6,4.0,9.0,59.24,Placed,10.55,2023,2026-01-12
ST0083,Student_0083,Male,CSE,8.38,65.15,75.41,71.92,1,No,3.0,5,10.0,4.0,55.73,Placed,11.72,2025,
ST1709,Student_1709,Female,Mechanical,,71.6,56.35,71.62,3,Yes,4.0,0,2.0,7.0,53.6,Placed,10.74,2024,2026-06-24
ST1559,Student_1559,Male,IT,8.78,67.89,82.5,78.69,0,Yes,,3,7.0,4.0,54.48,Placed,13.14,2025,2026-03-04
ST1564,Student_1564,Female,ECE,,95.83,62.24,92.81,0,No,0.0,3,10.0,5.0,57.44,Not placed,0.0,2024,2026-03-08
ST1393,Student_1393,Female,CSE,6.53,85.84,67.74,69.12,0,No,3.0,6,,3.0,44.78,Placed,10.19,2023,
ST0382,Student_0382,Female,Mechanical,8.05,57.54,59.08,85.65,1,No,3.0,1,7.0,9.0,68.22,Not placed,0.0,2024,2023-10-11
ST0329,Student_0329,Female,Civil,8.0,74.08,100.0,51.5,0,No,3.0,3,5.0,3.0,68.54,Placed,9.6,2023,2023-09-01
ST0945,Student_0945,Male,Civil,6.77,68.92,83.3,84.78,1,No,3.0,5,10.0,1.0,49.86,Placed,6.54,2025,
ST0695,Student_0695,Female,Mechanical,7.45,78.56,66.94,89.21,0,Yes,5.0,2,10.0,7.0,100.0,Placed,13.37,2026,2024-05-31
ST0275,Student_0275,Male,ECE,9.17,76.11,70.64,78.39,0,No,4.0,5,1.0,3.0,41.12,Placed,14.47,2024,2023-07-23
ST1354,Student_1354,Female,Mechanical,7.44,81.0,65.83,76.13,1,No,2.0,0,7.0,1.0,58.43,Placed,10.79,2025,2025-10-03
ST1780,Student_1780,Female,ECE,6.76,93.99,67.51,90.32,0,Yes,4.0,2,4.0,4.0,60.81,Placed,10.65,2026,2026-08-16
ST1555,Student_1555,Female,ECE,8.1,51.16,86.75,93.76,2,Yes,2.0,5,8.0,10.0,67.92,Placed,11.16,2024,2026-03-01
ST0496,Student_0496,Male,Mechanical,0.0,63.67,69.39,78.63,0,Yes,3.0,4,2.0,4.0,60.25,Placed,9.16,2026,2024-01-04
ST1783,Student_1783,Female,CSE,8.51,83.57,75.39,90.78,0,No,1.0,0,8.0,8.0,75.58,Placed,11.46,2026,2026-08-18
ST1631,Student_1631,Unknown,ECE,7.82,64.54,64.64,74.59,2,Yes,1.0,6,1.0,6.0,80.4,Placed,9.88,2025,2026-04-27
ST0215,Student_0215,Male,ECE,5.35,59.81,78.42,83.86,0,No,3.0,3,7.0,2.0,70.66,Placed,10.94,2026,2023-06-09
ST0262,Student_0262,Female,CSE,6.57,77.64,76.37,72.07,0,Yes,4.0,3,9.0,10.0,59.83,Placed,45.0,2024,2023-07-14
ST0805,Student_0805,Female,IT,8.38,77.91,65.46,90.31,0,No,1.0,0,3.0,10.0,37.66,Not placed,0.0,2024,
ST0129,Student_0129,Female,Unknown,4.9,84.62,69.69,87.6,4,Yes,3.0,4,8.0,2.0,55.25,Not placed,8.37,2024,2023-04-06
ST0221,Student_0221,Male,Civil,8.56,74.4,74.5,80.22,2,No,4.0,0,9.0,10.0,69.44,Placed,12.22,2024,2023-06-13
ST0130,Student_0130,Female,Mechanical,7.7,72.63,66.05,71.6,0,Yes,2.0,3,5.0,,58.22,Placed,8.91,2026,2023-04-06
ST1615,Student_1615,Female,ECE,6.5,71.35,68.04,75.71,0,Yes,1.0,2,6.0,10.0,70.75,Placed,8.53,2023,2026-04-15
ST1032,Student_1032,Female,ECE,7.96,64.7,70.85,87.1,0,No,4.0,0,7.0,9.0,62.82,Placed,10.56,2026,2025-02-05
ST0161,Student_0161,Male,Civil,9.24,64.01,70.5,84.1,0,Yes,1.0,6,10.0,8.0,60.75,Placed,9.1,2023,2023-04-29
ST1528,Student_1528,Male,Civil,5.41,72.22,80.14,78.85,0,Yes,2.0,3,1.0,5.0,71.85,Not placed,0.0,2025,2026-02-09
ST0429,Student_0429,Male,ECE,7.83,80.91,74.02,80.91,1,No,1.0,4,7.0,7.0,66.2,Placed,8.88,2025,2023-11-15
ST0149,Student_0149,Male,Civil,8.17,71.12,64.01,72.99,0,No,4.0,2,10.0,3.0,74.41,Placed,11.17,2023,2023-04-21
ST1633,Student_1633,Female,CSE,6.69,68.75,84.66,,0,No,3.0,4,4.0,7.0,53.13,Placed,7.48,2023,2026-04-28
ST1069,Student_1069,Male,IT,7.13,83.08,69.9,69.31,1,No,0.0,6,6.0,5.0,51.45,Placed,9.05,2026,2025-03-05
ST0412,Student_0412,Female,Civil,6.24,76.92,72.49,82.88,0,Yes,1.0,4,7.0,3.0,68.75,Placed,9.65,2024,2023-11-02
ST0445,Student_0445,Female,Unknown,,84.94,76.71,80.8,0,No,4.0,6,9.0,6.0,58.4,Placed,,2026,2023-11-27
ST0679,Student_0679,Female,ECE,8.42,81.86,68.18,69.22,2,Yes,3.0,4,4.0,1.0,76.72,Placed,7.78,2025,2024-05-19
ST1646,Student_1646,Male,IT,,55.43,94.7,76.22,2,No,5.0,3,10.0,5.0,77.44,Placed,13.69,2025,2026-05-08
ST1595,Student_1595,Female,ECE,6.88,66.44,78.22,86.06,0,No,2.0,4,2.0,4.0,30.18,Not placed,0.0,2023,2026-03-31
ST0748,Student_0748,Male,Mechanical,6.83,86.06,62.98,87.81,0,No,3.0,0,2.0,8.0,63.06,Not placed,0.0,2025,2024-07-09
ST1636,Student_1636,Male,Mechanical,7.52,81.9,81.41,79.4,0,Yes,5.0,3,3.0,10.0,78.13,Placed,10.31,2026,2026-05-01
ST1348,Student_1348,Male,Mechanical,5.39,62.37,95.66,67.8,1,No,3.0,1,5.0,10.0,43.94,Not placed,0.0,2026,2025-09-28
ST0676,Student_0676,Male,CSE,5.72,72.46,87.71,75.53,0,Yes,2.0,0,5.0,3.0,79.27,Not placed,2.0,2023,2024-05-17
ST1144,Student_1144,Male,CSE,8.22,59.45,67.99,91.94,0,Yes,5.0,0,7.0,10.0,62.59,Placed,11.34,2025,2025-04-30
ST0505,Student_0505,Male,ECE,9.2,69.47,70.56,76.73,1,No,1.0,2,6.0,1.0,71.95,Placed,9.62,2026,2024-01-10
ST0125,Student_0125,Male,Civil,6.25,64.8,57.8,90.84,0,No,3.0,3,6.0,2.0,68.08,Placed,6.58,2023,2023-04-03
ST0326,Student_0326,Female,ECE,8.99,85.35,89.5,71.45,0,Yes,0.0,5,1.0,7.0,62.98,Not placed,0.0,2023,2023-08-30
ST0477,Student_0477,Male,IT,6.9,73.85,68.61,81.02,0,No,0.0,4,6.0,6.0,67.99,Placed,10.09,2025,2023-12-21
ST1715,Student_1715,Female,IT,9.11,82.61,53.41,77.0,0,Yes,3.0,3,5.0,10.0,42.05,Placed,9.0,2024,2026-06-28
ST0045,Student_0045,Female,CSE,,78.56,76.39,72.65,0,Yes,4.0,6,8.0,10.0,59.78,Not placed,,2026,2023-02-02
ST1730,Student_1730,Female,IT,7.3,68.28,58.17,77.48,0,No,3.0,2,1.0,8.0,51.13,Placed,8.7,2025,2026-07-09
ST0092,Student_0092,Female,ECE,6.85,60.76,75.95,74.95,3,Yes,4.0,6,4.0,3.0,73.05,Placed,,2025,2023-03-09
ST0112,Student_0112,Male,Civil,8.08,82.66,59.84,80.89,0,No,1.0,5,8.0,6.0,57.5,Not placed,0.0,2024,2023-03-24
ST0475,Student_0475,Male,CSE,6.88,73.75,60.22,92.78,0,No,3.0,2,7.0,4.0,83.83,Placed,8.48,2026,2023-12-19
ST0724,Student_0724,Male,Civil,7.72,81.23,66.19,69.75,0,Yes,,2,4.0,10.0,65.25,Placed,8.62,2024,
ST1312,Student_1312,Female,Mechanical,6.89,66.58,68.45,87.2,0,Yes,3.0,0,8.0,2.0,76.78,Not placed,0.0,2026,2025-09-02
ST0905,Student_0905,Male,IT,7.56,55.89,64.64,77.12,2,Yes,1.0,0,7.0,4.0,81.55,Placed,12.56,2024,2024-11-03
ST1192,Student_1192,Male,Civil,6.6,70.64,66.06,81.92,0,Yes,0.0,4,5.0,9.0,71.9,Placed,8.79,2023,2025-06-04
ST0874,Student_0874,Male,Civil,9.39,67.92,77.64,78.31,1,Yes,2.0,5,5.0,10.0,47.6,Placed,11.64,2026,2024-10-11
ST0128,Student_0128,Male,Mechanical,7.08,79.49,67.3,58.64,1,Yes,4.0,6,1.0,4.0,49.97,Placed,10.3,2024,2023-04-05
ST1465,Student_1465,Male,ECE,8.76,60.89,81.22,,2,No,5.0,3,3.0,3.0,62.88,Placed,10.49,2025,2025-12-24
ST1064,Student_1064,Male,IT,6.88,80.67,66.32,,0,Yes,3.0,5,9.0,5.0,72.3,Not placed,0.0,2024,2025-03-01
ST0524,Student_0524,Male,CSE,8.53,77.97,76.32,75.11,2,No,3.0,1,7.0,5.0,63.91,Placed,12.29,2026,2024-01-24
ST0951,Student_0951,Male,CSE,8.7,84.94,69.53,76.78,0,No,2.0,4,4.0,7.0,73.16,Placed,,2026,2024-12-07
ST1581,Student_1581,Female,CSE,6.06,76.36,68.05,,0,Yes,4.0,4,5.0,6.0,39.1,Placed,8.24,2024,2026-03-21
ST0325,Student_0325,Female,IT,8.18,77.34,76.75,70.0,0,Yes,3.0,4,4.0,9.0,58.67,Placed,9.13,2024,2023-08-29
ST1518,Student_1518,Male,CSE,7.71,92.68,73.17,79.39,0,No,,4,8.0,3.0,80.69,Placed,11.19,2024,2026-02-02
ST0843,Student_0843,Male,Mechanical,6.13,81.46,96.57,82.5,0,No,1.0,6,6.0,7.0,70.46,Not placed,0.0,2024,2024-09-18
ST1462,Student_1462,Male,IT,8.1,76.62,73.37,,0,Yes,3.0,4,1.0,9.0,86.0,Placed,10.89,2024,2025-12-22
ST0194,Student_0194,Male,ECE,9.17,77.08,73.9,80.13,1,Yes,2.0,4,1.0,3.0,68.02,Not placed,,2024,2023-05-24
ST1040,Student_1040,Male,CSE,7.08,89.53,66.08,62.78,3,No,4.0,2,10.0,9.0,90.48,Placed,8.26,2025,2025-02-11
ST1147,Student_1147,Male,CSE,8.67,75.41,79.06,82.07,1,Yes,5.0,3,3.0,10.0,63.53,Placed,10.56,2024,2025-05-02
ST0246,Student_0246,Female,Civil,8.95,79.92,65.98,86.02,4,Yes,0.0,5,8.0,3.0,75.45,Placed,12.51,2024,2023-07-02
ST0633,Student_0633,Male,Mechanical,8.4,66.04,67.36,88.91,0,No,4.0,0,4.0,7.0,80.58,Placed,7.73,2026,2024-04-15
ST0116,Student_0116,Female,Civil,7.6,70.85,67.0,74.47,0,No,3.0,2,3.0,5.0,65.22,Not placed,0.0,2026,2023-03-27
ST1692,Student_1692,Female,Mechanical,7.77,57.21,72.88,78.11,1,Yes,5.0,3,6.0,10.0,57.52,Placed,9.69,2026,2026-06-11
ST0758,Student_0758,Male,IT,8.89,65.5,57.52,69.76,0,Yes,1.0,2,6.0,5.0,35.75,Placed,13.15,2024,2024-07-17
ST0257,Student_0257,Male,CSE,7.27,98.49,64.23,81.06,0,No,5.0,3,5.0,7.0,53.28,Placed,,2024,2023-07-10
ST0808,Student_0808,Male,CSE,7.27,75.34,80.66,66.47,1,Yes,4.0,4,10.0,1.0,50.14,Placed,9.19,2025,2024-08-23
ST0739,Student_0739,Male,Civil,8.03,66.44,78.84,72.49,1,No,3.0,2,2.0,1.0,76.47,Placed,10.84,2026,2024-07-02
ST0851,Student_0851,Male,ECE,7.76,77.79,69.83,81.0,0,Yes,5.0,5,6.0,3.0,77.54,Placed,10.39,2025,2024-09-24
ST1450,Student_1450,Female,CSE,6.43,69.43,65.03,77.77,0,Yes,5.0,1,3.0,4.0,43.1,Placed,10.44,2026,2025-12-13
ST0789,Student_0789,Female,ECE,7.6,82.23,43.26,71.75,0,No,5.0,2,2.0,10.0,76.34,Placed,13.35,2026,2024-08-09
ST0206,Student_0206,Male,CSE,8.08,71.12,77.86,63.28,0,Yes,4.0,5,3.0,6.0,73.86,Placed,12.83,2026,2023-06-02
ST0878,Student_0878,Female,IT,5.95,81.52,75.07,62.94,0,No,3.0,4,8.0,1.0,100.0,Not placed,,2025,2024-10-14
ST0555,Student_0555,Male,CSE,7.84,74.66,66.46,65.41,0,Yes,3.0,3,5.0,9.0,69.44,Placed,12.58,2023,2024-02-17
ST0814,Student_0814,Female,IT,7.31,79.15,71.05,66.7,0,Yes,3.0,6,10.0,8.0,71.54,Placed,9.45,2023,2024-08-27
ST1538,Student_1538,Female,IT,8.09,77.49,73.86,85.73,0,Yes,5.0,2,5.0,8.0,68.79,Placed,10.68,2025,2026-02-17
ST0956,Student_0956,Male,CSE,7.81,70.26,74.58,87.57,3,Yes,3.0,1,8.0,9.0,59.88,Placed,6.84,2026,2024-12-11
ST1111,Student_1111,Male,CSE,7.51,79.99,66.0,96.17,0,Yes,2.0,2,7.0,3.0,53.67,Placed,13.16,2023,2025-04-05
ST0747,Student_0747,Male,CSE,6.56,81.93,84.41,100.0,0,No,2.0,1,7.0,7.0,93.77,Placed,9.08,2025,2024-07-08
ST0912,Student_0912,Male,Mechanical,7.66,75.76,92.76,93.99,0,No,5.0,0,10.0,4.0,56.58,Placed,10.71,2025,2024-11-08
ST1128,Student_1128,Female,Civil,6.79,75.19,69.78,,0,No,1.0,3,7.0,9.0,72.49,Not placed,0.0,2023,2025-04-18
ST0328,Student_0328,Male,CSE,7.74,89.24,84.28,71.14,0,No,0.0,0,3.0,6.0,59.74,Placed,8.42,2023,2023-09-01
ST1107,Student_1107,Male,IT,8.51,96.85,83.21,92.75,1,Yes,1.0,2,6.0,6.0,54.08,Placed,10.83,2024,2025-04-02
ST0821,Student_0821,Male,CSE,8.71,86.04,72.82,64.93,1,Yes,2.0,2,7.0,10.0,68.96,Placed,10.69,2025,2024-09-01
ST0626,Student_0626,Female,CSE,7.05,72.0,70.41,76.14,4,No,1.0,6,7.0,10.0,98.89,Not placed,0.0,2024,2024-04-09
ST0507,Student_0507,Female,Mechanical,7.69,86.73,66.05,64.47,3,No,2.0,0,5.0,6.0,71.4,Placed,8.16,2023,
ST0007,Student_0007,Male,Mechanical,7.6,87.5,79.37,75.69,0,No,4.0,1,6.0,3.0,65.92,Not placed,10.15,2023,2023-01-05
ST1019,Student_1019,Female,IT,7.39,71.14,67.43,75.65,2,No,2.0,1,8.0,1.0,83.3,Not placed,0.0,2024,2025-01-27
ST0847,Student_0847,Female,CSE,8.76,74.76,66.31,66.36,0,No,3.0,0,9.0,10.0,60.07,Placed,11.38,2023,2024-09-21
ST1411,Student_1411,Female,ECE,7.83,64.46,40.0,94.15,2,Yes,3.0,3,7.0,8.0,73.59,Placed,10.79,2026,2025-11-14
ST1383,Student_1383,Male,IT,9.21,66.95,87.45,77.77,0,Yes,4.0,3,1.0,8.0,66.97,Placed,10.64,2023,2025-10-24
ST0043,Student_0043,Female,ECE,7.18,78.48,80.67,73.6,1,No,4.0,5,9.0,2.0,66.63,Placed,9.33,2025,2023-02-01
ST1441,Student_1441,Male,Mechanical,7.2,62.58,67.68,76.09,1,Yes,2.0,6,10.0,10.0,59.43,Placed,10.09,2023,2025-12-06
ST0200,Student_0200,Male,IT,8.35,91.56,77.44,81.7,0,Yes,15.0,4,9.0,8.0,93.43,Placed,11.06,2024,2023-05-29
ST0340,Student_0340,Female,CSE,7.29,84.29,67.53,87.25,1,No,2.0,3,4.0,8.0,69.49,Not placed,0.0,2023,2023-09-10
ST1022,Student_1022,Male,CSE,7.13,87.53,64.57,72.58,0,No,3.0,3,2.0,9.0,46.57,Not placed,0.0,2026,2025-01-29
ST1109,Student_1109,Female,CSE,7.68,91.24,66.64,85.09,0,No,4.0,3,4.0,8.0,96.91,Placed,8.75,2023,2025-04-04
ST1484,Student_1484,Male,IT,7.9,83.76,68.52,81.49,1,No,5.0,4,2.0,6.0,48.5,Placed,12.24,2026,2026-01-07
ST1324,Student_1324,Female,CSE,6.94,60.17,76.57,59.98,1,No,3.0,5,9.0,4.0,85.52,Placed,8.39,2025,2025-09-10
ST0756,Student_0756,Female,Civil,7.0,81.65,100.0,89.44,0,No,3.0,1,2.0,10.0,46.96,Placed,7.62,2025,2024-07-15
ST0016,Student_0016,Male,IT,8.99,84.13,77.03,84.71,1,Yes,0.0,4,5.0,4.0,38.66,Not placed,,2023,2023-01-12
ST0392,Student_0392,Male,CSE,10.0,73.93,74.63,91.71,4,No,4.0,4,9.0,3.0,76.96,Placed,11.04,2024,2023-10-18
ST1406,Student_1406,Female,IT,9.09,70.02,78.68,79.51,1,No,0.0,3,10.0,10.0,54.86,Placed,9.7,2023,2025-11-10
ST1693,Student_1693,Female,ECE,7.46,65.6,60.52,89.39,0,Yes,3.0,3,7.0,5.0,69.3,Placed,8.73,2024,2026-06-12
ST0873,Student_0873,Female,Civil,7.09,61.05,83.04,86.25,1,No,2.0,3,4.0,8.0,72.79,Placed,5.31,2025,2024-10-10
ST0184,Student_0184,Male,Civil,8.0,59.7,,83.33,3,Yes,1.0,6,8.0,5.0,56.66,Placed,11.83,2024,2023-05-17
ST1259,Student_1259,Female,IT,8.36,65.82,72.75,86.79,0,No,5.0,0,9.0,8.0,88.4,Placed,12.99,2023,2025-07-24
ST1468,Student_1468,Unknown,ECE,8.51,82.33,71.85,95.88,0,Yes,2.0,4,5.0,6.0,67.28,Placed,9.39,2026,2025-12-27
ST0142,Student_0142,Male,Mechanical,7.01,67.95,75.29,59.85,0,No,1.0,1,4.0,8.0,80.26,Not placed,0.0,2023,2023-04-15
ST1255,Student_1255,Male,CSE,8.61,85.4,59.2,67.96,2,Yes,,6,7.0,4.0,77.37,Placed,12.21,2025,2025-07-21
ST0091,Student_0091,Female,Mechanical,7.14,96.7,73.37,71.98,0,No,4.0,1,4.0,8.0,72.52,Placed,9.3,2024,2023-03-08
ST1102,Student_1102,Female,CSE,5.47,87.54,64.74,77.11,3,Yes,3.0,1,1.0,9.0,69.83,Placed,6.99,2025,
ST0406,Student_0406,Female,Civil,7.2,68.54,60.38,88.5,0,Yes,3.0,5,8.0,1.0,72.91,Placed,10.77,2025,
ST1116,Student_1116,Male,IT,8.27,85.71,77.81,60.3,0,No,2.0,4,4.0,9.0,65.83,Placed,,2023,2025-04-09
ST0341,Student_0341,Male,Civil,8.57,73.68,79.34,95.27,0,No,3.0,5,7.0,6.0,61.24,Placed,10.21,2024,2023-09-10
ST1087,Student_1087,Male,Mechanical,5.84,53.95,51.39,65.03,1,Yes,1.0,6,9.0,10.0,41.09,Placed,8.41,2023,2025-03-18
ST1219,Student_1219,Male,CSE,8.18,82.47,68.95,60.45,0,Yes,3.0,0,3.0,7.0,71.52,Placed,9.96,2026,2025-06-24
ST0080,Student_0080,Female,ECE,7.5,81.33,70.46,79.51,4,No,3.0,6,4.0,6.0,67.9,Placed,12.83,2026,2023-02-28
ST0050,Student_0050,Female,ECE,7.51,64.5,80.68,65.71,0,Yes,4.0,1,1.0,3.0,65.14,Placed,,2025,2023-02-06
ST0175,Student_0175,Female,Civil,9.5,74.37,63.17,72.38,2,No,1.0,1,4.0,3.0,78.69,Not placed,0.0,2026,2023-05-10
ST1443,Student_1443,Female,CSE,7.82,64.04,71.15,73.41,0,Yes,2.0,3,3.0,1.0,67.17,Placed,13.15,2026,2025-12-08
ST1654,Student_1654,Male,Civil,6.33,78.91,64.24,83.34,0,No,2.0,5,6.0,10.0,59.69,Placed,9.26,2026,2026-05-14
ST0280,Student_0280,Female,ECE,6.35,63.74,63.79,60.77,0,No,1.0,3,5.0,8.0,53.45,Not placed,0.0,2026,2023-07-27
ST0046,Student_0046,Female,CSE,9.59,76.92,58.67,66.01,0,Yes,3.0,4,5.0,10.0,61.77,Placed,10.7,2026,2023-02-03
ST1577,Student_1577,Male,CSE,6.98,64.49,84.24,87.59,0,Yes,4.0,6,1.0,1.0,95.36,Not placed,0.0,2025,2026-03-18
ST1166,Student_1166,Female,Mechanical,6.42,71.54,67.07,89.06,0,No,2.0,4,4.0,6.0,52.26,Not placed,0.0,2025,2025-05-16
ST0778,Student_0778,Female,IT,6.37,70.16,78.41,99.12,0,Yes,4.0,6,9.0,7.0,52.0,Placed,8.47,2025,2024-07-31
ST0909,Student_0909,Male,CSE,6.54,88.51,68.63,79.76,0,No,1.0,6,8.0,10.0,30.92,Not placed,0.0,2025,2024-11-06
ST1115,Student_1115,Male,ECE,7.33,83.28,99.85,82.52,0,Yes,3.0,4,2.0,3.0,82.53,Placed,5.58,2023,2025-04-08
ST1424,Student_1424,Male,IT,10.0,86.62,80.27,74.54,1,No,3.0,2,5.0,7.0,48.67,Placed,14.33,2024,
ST1554,Student_1554,Female,IT,8.73,75.37,72.57,83.02,0,No,3.0,0,3.0,7.0,59.31,Placed,13.17,2023,2026-03-01
ST0234,Student_0234,Female,CSE,8.61,56.64,57.87,86.07,0,No,2.0,0,5.0,3.0,69.65,Not placed,0.0,2025,2023-06-23
ST0775,Student_0775,Female,Mechanical,5.98,80.77,10.0,88.31,1,No,4.0,1,10.0,9.0,54.17,Placed,9.24,2026,2024-07-29
ST1531,Student_1531,Female,ECE,7.14,74.63,94.82,,2,No,3.0,3,3.0,9.0,49.6,Not placed,0.0,2024,2026-02-11
ST1530,Student_1530,Female,Civil,9.71,72.97,99.98,91.52,0,No,1.0,1,10.0,5.0,84.26,Not placed,0.0,2023,2026-02-11
ST1390,Student_1390,Male,CSE,5.28,80.4,80.56,88.26,0,Yes,3.0,4,6.0,2.0,61.46,Placed,,2025,2025-10-30
ST1228,Student_1228,Female,CSE,5.37,100.0,92.87,82.94,0,Yes,2.0,1,6.0,2.0,64.66,Placed,10.04,2025,2025-07-01
ST0759,Student_0759,Male,IT,7.11,60.56,77.42,73.66,2,Unknown,4.0,5,2.0,6.0,74.26,Placed,10.44,2026,
ST0119,Student_0119,Female,Civil,7.31,73.96,62.86,70.03,0,Yes,2.0,1,10.0,,72.45,Placed,12.24,2024,2023-03-29
ST1456,Student_1456,Male,CSE,6.21,75.23,80.56,96.67,1,Yes,2.0,2,3.0,7.0,57.0,Not placed,0.0,2025,2025-12-18
ST0941,Student_0941,Female,IT,6.23,100.0,75.65,79.24,0,No,4.0,3,5.0,6.0,87.27,Placed,9.05,2026,2024-11-30
ST1519,Student_1519,Female,CSE,8.28,78.2,51.91,78.07,2,No,4.0,2,6.0,9.0,57.84,Placed,10.36,2023,2026-02-03
ST0972,Student_0972,Male,CSE,8.36,64.82,71.38,75.48,3,No,1.0,0,4.0,2.0,80.1,Placed,10.37,2024,2024-12-23
ST0216,Student_0216,Male,ECE,8.6,48.69,82.17,71.9,2,No,1.0,4,4.0,4.0,61.71,Placed,12.46,2024,
ST1172,Student_1172,Male,ECE,6.56,80.02,73.61,74.12,0,No,2.0,2,2.0,9.0,73.16,Placed,,2023,2025-05-20
ST0459,Student_0459,Male,CSE,6.7,76.46,72.75,83.25,0,Yes,0.0,5,3.0,2.0,53.14,Placed,11.07,2024,2023-12-07
ST1340,Student_1340,Female,CSE,7.28,82.24,50.11,66.34,0,No,5.0,3,3.0,4.0,69.2,Placed,10.19,2023,2025-09-22
ST0019,Student_0019,Female,Mechanical,7.4,72.2,72.8,87.4,0,No,4.0,6,3.0,5.0,51.72,Not placed,0.0,2024,2023-01-14
ST1723,Student_1723,Male,IT,8.8,73.69,61.3,75.65,0,No,4.0,0,6.0,3.0,41.48,Placed,13.6,2026,2026-07-04
ST0585,Student_0585,Female,IT,7.87,73.22,85.11,71.11,0,No,3.0,5,4.0,4.0,46.86,Placed,12.76,2024,2024-03-10
ST1179,Student_1179,Male,Civil,9.26,64.26,63.54,94.15,4,No,2.0,5,7.0,6.0,46.85,Not placed,0.0,2026,2025-05-26
ST1598,Student_1598,Male,Civil,8.57,75.13,77.49,71.86,1,Yes,4.0,4,4.0,3.0,80.24,Not placed,0.0,2026,2026-04-02
ST1187,Student_1187,Female,CSE,7.45,91.73,61.03,86.44,0,No,1.0,1,10.0,8.0,81.22,Placed,10.59,2025,2025-06-01
ST1667,Student_1667,Female,CSE,7.34,79.09,88.28,95.37,0,No,3.0,4,5.0,9.0,72.88,Placed,,2024,2026-05-24
ST0802,Student_0802,Female,IT,7.04,74.5,78.06,91.43,0,Yes,3.0,3,6.0,4.0,79.19,Placed,11.06,2026,2024-08-18
ST1325,Student_1325,Male,CSE,4.57,66.82,74.57,78.5,3,Yes,4.0,0,5.0,8.0,78.52,Not placed,0.0,2026,2025-09-11
ST1716,Student_1716,Female,CSE,8.33,57.57,89.53,72.37,1,Yes,3.0,1,6.0,2.0,38.97,Placed,9.51,2024,2026-06-29
ST0431,Student_0431,Male,ECE,6.49,78.07,74.58,73.7,1,No,1.0,0,1.0,10.0,53.73,Unknown,8.77,2026,2023-11-16
ST1131,Student_1131,Female,CSE,7.26,71.95,63.92,100.0,1,No,1.0,2,6.0,6.0,57.81,Placed,8.31,2024,2025-04-20
ST0536,Student_0536,Female,CSE,6.13,63.44,74.54,,1,No,3.0,0,3.0,7.0,80.13,Not placed,0.0,2026,2024-02-02
ST0553,Student_0553,Male,Civil,7.17,66.55,83.12,74.71,3,No,4.0,5,5.0,10.0,56.79,Placed,6.6,2023,2024-02-15
ST0017,Student_0017,Female,CSE,5.9,80.38,68.78,80.12,0,No,4.0,2,6.0,3.0,78.58,Placed,7.31,2025,2023-01-12
ST1671,Student_1671,Female,IT,6.11,73.12,66.07,96.64,0,No,5.0,3,1.0,1.0,89.09,Placed,6.56,2026,2026-05-27
ST1400,Student_1400,Male,IT,6.45,57.53,87.41,81.27,4,No,3.0,5,1.0,4.0,61.94,Not placed,11.4,2025,2025-11-06
ST1567,Student_1567,Unknown,IT,6.93,73.71,63.93,67.37,1,Yes,4.0,6,4.0,7.0,54.03,Placed,10.09,2024,2026-03-10
ST1212,Student_1212,Female,CSE,7.26,80.36,83.61,95.2,0,Yes,1.0,0,4.0,3.0,,Placed,11.59,2024,2025-06-19
ST1130,Student_1130,Female,ECE,8.94,70.76,82.88,81.26,2,Yes,2.0,2,10.0,10.0,69.92,Placed,11.97,2025,2025-04-19
ST0209,Student_0209,Female,ECE,7.51,83.91,86.69,82.1,0,Yes,2.0,2,4.0,3.0,83.17,Placed,10.0,2025,2023-06-04
ST0500,Student_0500,Female,Mechanical,7.02,70.17,66.05,80.83,4,Yes,5.0,1,2.0,7.0,52.21,Not placed,0.0,2026,2024-01-07
ST1522,Student_1522,Male,CSE,8.05,76.11,64.89,68.71,1,Yes,3.0,6,2.0,10.0,69.62,Placed,9.37,2025,2026-02-05
ST0530,Student_0530,Female,Civil,,81.62,69.36,70.08,2,No,1.0,3,1.0,1.0,82.89,Placed,9.78,2025,2024-01-29
ST0506,Student_0506,Male,IT,8.57,81.96,83.66,99.85,0,Yes,4.0,0,7.0,1.0,69.26,Placed,11.74,2024,2024-01-11
ST1533,Student_1533,Female,Civil,7.87,85.9,77.25,84.01,0,No,5.0,2,6.0,9.0,62.44,Placed,10.78,2025,2026-02-13
ST0473,Student_0473,Male,Civil,6.86,66.21,98.21,78.28,0,No,2.0,6,3.0,9.0,62.96,Placed,7.56,2025,2023-12-18
ST0001,Student_0001,Male,CSE,7.94,81.72,71.41,92.61,0,No,1.0,6,10.0,8.0,57.22,Placed,9.76,2025,2023-01-01
ST1227,Student_1227,Male,Unknown,7.58,76.37,74.04,75.03,4,No,1.0,1,8.0,7.0,61.53,Placed,11.19,2025,2025-06-30
ST1743,Student_1743,Female,Mechanical,6.4,68.59,59.4,69.99,0,No,4.0,6,9.0,9.0,62.94,Placed,10.48,2026,2026-07-19
ST0447,Student_0447,Male,IT,8.96,51.28,71.27,70.12,1,No,4.0,5,3.0,7.0,65.19,Not placed,0.0,2024,2023-11-28
ST0259,Student_0259,Female,Civil,8.39,70.83,77.78,79.42,0,No,4.0,4,9.0,1.0,81.13,Not placed,0.0,2024,2023-07-11
ST1481,Student_1481,Male,Mechanical,7.53,69.73,99.04,83.42,0,Yes,2.0,4,10.0,8.0,55.48,Placed,10.95,2026,2026-01-05
ST1593,Student_1593,Female,Mechanical,5.86,82.53,67.99,86.82,3,No,2.0,4,4.0,5.0,46.11,Placed,8.81,2026,2026-03-30
ST0062,Student_0062,Male,ECE,7.96,70.29,45.43,86.08,0,No,4.0,2,9.0,2.0,91.42,Placed,11.59,2024,2023-02-15
ST0654,Student_0654,Male,Civil,6.46,82.84,71.61,81.4,0,Yes,1.0,4,2.0,2.0,85.62,Placed,9.6,2023,2024-04-30
ST0942,Student_0942,Male,IT,9.2,88.6,65.68,95.38,1,No,2.0,2,3.0,4.0,100.0,Not placed,0.0,2024,2024-11-30
ST0675,Student_0675,Female,CSE,7.4,64.08,78.74,76.02,1,Unknown,3.0,1,2.0,8.0,50.29,Not placed,0.0,2023,2024-05-16
ST0773,Student_0773,Male,Civil,6.93,81.66,77.82,72.78,0,No,5.0,3,10.0,5.0,68.39,Placed,9.43,2025,2024-07-28
ST1699,Student_1699,Male,CSE,8.68,66.89,75.23,62.32,0,No,1.0,2,7.0,10.0,67.09,Placed,12.26,2023,2026-06-16
ST1797,Student_1797,Male,ECE,8.46,52.92,84.18,72.03,0,No,3.0,3,7.0,5.0,63.52,Placed,14.01,2024,2026-08-28
ST0152,Student_0152,Male,ECE,6.82,68.02,88.32,,1,No,1.0,2,7.0,2.0,54.73,Not placed,0.0,2023,2023-04-23
ST1496,Student_1496,Male,IT,6.55,81.56,60.67,86.95,0,No,,6,1.0,2.0,83.75,Not placed,0.0,2023,2026-01-16
ST0751,Student_0751,Female,CSE,5.26,72.69,80.63,76.83,0,Yes,4.0,5,3.0,9.0,100.0,Not placed,0.0,2024,2024-07-11
ST0854,Student_0854,Male,CSE,7.79,65.22,56.02,92.43,1,No,1.0,3,10.0,2.0,59.1,Placed,11.39,2024,2024-09-26
ST1171,Student_1171,Female,Mechanical,7.84,85.29,83.41,95.92,0,No,3.0,1,4.0,8.0,34.67,Placed,10.81,2024,2025-05-20
ST1601,Student_1601,Female,Mechanical,8.36,87.92,100.0,92.21,2,No,3.0,1,10.0,2.0,85.86,Not placed,11.73,2025,2026-04-04
ST0242,Student_0242,Male,IT,6.95,73.39,73.01,77.96,1,No,2.0,5,6.0,10.0,59.13,Placed,10.64,2023,2023-06-29
ST0395,Student_0395,Male,Mechanical,8.42,67.37,89.83,76.82,0,No,4.0,3,9.0,4.0,81.64,Placed,12.42,2024,2023-10-21
ST1405,Student_1405,Female,Civil,9.6,67.28,68.71,86.27,0,Yes,3.0,3,4.0,5.0,78.9,Placed,11.18,2025,2025-11-10
ST1710,Student_1710,Female,CSE,7.19,77.32,79.94,67.87,0,No,1.0,4,3.0,6.0,78.05,Placed,9.49,2023,2026-06-25
ST1041,Student_1041,Male,CSE,6.55,90.29,72.65,72.8,0,Yes,1.0,4,6.0,7.0,73.8,Placed,12.92,2025,2025-02-12
ST0165,Student_0165,Female,IT,6.67,87.35,77.96,86.2,0,No,1.0,5,5.0,6.0,91.0,Placed,8.33,2023,2023-05-02
ST0160,Student_0160,Female,ECE,8.92,71.13,69.14,78.04,0,Yes,2.0,3,5.0,1.0,69.9,Not placed,0.0,2025,2023-04-29
ST0075,Student_0075,Male,CSE,6.54,61.33,85.95,83.06,0,No,2.0,1,5.0,9.0,55.55,Placed,9.97,2025,2023-02-25
ST1763,Student_1763,Male,CSE,6.7,78.32,66.37,64.33,0,No,1.0,3,2.0,5.0,76.9,Placed,9.19,2026,2026-08-03
ST1013,Student_1013,Female,Civil,7.4,75.83,55.75,73.16,0,No,2.0,0,2.0,3.0,55.03,Placed,8.53,2023,2025-01-22
ST1690,Student_1690,Female,Mechanical,6.32,73.46,70.27,75.87,3,No,3.0,2,7.0,10.0,34.82,Placed,10.15,2026,2026-06-10
ST1222,Student_1222,Female,ECE,7.16,66.48,85.88,85.41,2,No,3.0,6,9.0,6.0,68.21,Placed,10.02,2024,2025-06-27
ST1660,Student_1660,Female,ECE,8.8,90.4,82.16,96.1,0,No,3.0,6,10.0,9.0,72.14,Placed,9.88,2023,2026-05-18
ST1491,Student_1491,Male,IT,6.13,75.34,85.17,81.89,0,No,5.0,6,5.0,4.0,96.67,Placed,10.66,2024,2026-01-13
ST0401,Student_0401,Female,CSE,7.97,81.81,76.32,86.08,0,Yes,4.0,0,4.0,2.0,64.12,Placed,6.68,2024,2023-10-25
ST1517,Student_1517,Male,IT,7.76,61.5,71.71,92.78,0,Yes,4.0,0,2.0,8.0,68.16,Placed,8.82,2023,2026-02-01
ST0766,Student_0766,Male,Civil,10.0,73.02,77.2,90.27,1,No,5.0,4,8.0,7.0,76.52,Placed,10.45,2026,2024-07-22
ST0491,Student_0491,Female,CSE,8.2,88.7,86.19,56.15,0,Yes,4.0,0,1.0,1.0,61.21,Placed,9.44,2025,2023-12-31
ST1025,Student_1025,Female,Mechanical,6.46,78.27,51.64,89.43,3,No,4.0,5,4.0,6.0,86.86,Unknown,10.69,2024,2025-01-31
ST1304,Student_1304,Unknown,CSE,7.4,72.43,62.19,89.44,0,Yes,4.0,5,10.0,3.0,67.87,Placed,10.19,2026,2025-08-27
ST0263,Student_0263,Male,IT,6.0,87.84,62.02,,0,Yes,4.0,1,2.0,1.0,56.73,Not placed,0.0,2025,2023-07-14
ST1350,Student_1350,Male,CSE,8.89,75.79,71.28,73.52,0,No,4.0,4,1.0,8.0,59.69,Placed,12.04,2023,2025-09-30
ST0355,Student_0355,Female,ECE,6.95,67.21,71.95,,0,No,5.0,5,7.0,9.0,60.9,Placed,9.87,2024,2023-09-21
ST1151,Student_1151,Male,IT,6.64,65.06,75.06,68.76,2,No,4.0,1,8.0,10.0,71.68,Placed,8.02,2026,2025-05-05
ST1553,Student_1553,Male,ECE,7.68,75.83,94.64,78.58,0,No,1.0,6,3.0,4.0,59.58,Not placed,0.0,2024,2026-02-28
ST1157,Student_1157,Female,IT,7.17,74.83,56.76,68.79,0,No,0.0,3,8.0,9.0,56.23,Placed,8.8,2025,2025-05-09
ST0526,Student_0526,Male,Civil,8.35,77.89,48.74,84.66,1,Yes,3.0,4,4.0,10.0,64.06,Not placed,0.0,2026,
ST1672,Student_1672,Male,Civil,5.9,73.96,79.31,75.24,0,Unknown,2.0,6,8.0,7.0,51.87,Not placed,0.0,2026,2026-05-27
ST1362,Student_1362,Female,ECE,7.29,79.57,91.45,85.31,0,Yes,3.0,0,2.0,2.0,51.15,Placed,10.73,2026,2025-10-09
ST0841,Student_0841,Male,Mechanical,5.59,75.15,71.54,,1,Yes,5.0,5,9.0,8.0,64.32,Placed,10.65,2026,2024-09-16
ST0898,Student_0898,Female,CSE,7.95,82.98,89.01,70.94,0,Yes,3.0,0,7.0,9.0,68.22,Placed,9.26,2023,2024-10-29
ST1042,Student_1042,Female,IT,8.11,74.19,73.37,84.11,0,No,3.0,3,8.0,7.0,76.27,Placed,12.84,2026,2025-02-13
ST0226,Student_0226,Female,ECE,7.76,72.83,82.44,81.26,4,No,4.0,1,7.0,7.0,52.32,Placed,9.72,2026,2023-06-17
ST0181,Student_0181,Male,Mechanical,7.18,86.46,78.56,83.33,0,No,3.0,6,3.0,3.0,100.0,Placed,8.47,2025,2023-05-14
ST1093,Student_1093,Female,ECE,8.87,73.14,63.45,77.16,2,No,4.0,4,3.0,0.0,60.03,Placed,12.76,2025,2025-03-23
ST1176,Student_1176,Male,Civil,8.56,77.02,76.16,86.64,2,Yes,3.0,4,2.0,4.0,61.34,Placed,8.07,2025,2025-05-23
ST1287,Student_1287,Female,Civil,8.34,77.91,72.61,77.32,4,Yes,3.0,0,1.0,5.0,71.4,Placed,8.88,2024,2025-08-14
ST1505,Student_1505,Male,ECE,7.92,81.88,66.09,79.71,0,No,1.0,4,7.0,4.0,60.87,Placed,12.83,2024,2026-01-23
ST0053,Student_0053,Unknown,CSE,7.32,100.0,78.03,79.72,2,No,3.0,1,3.0,4.0,88.65,Placed,11.17,2026,
ST0531,Student_0531,Male,IT,6.32,86.89,88.58,81.05,0,Yes,2.0,0,10.0,5.0,68.06,Placed,11.39,2023,2024-01-30
ST1329,Student_1329,Female,CSE,7.52,58.73,94.48,63.97,0,No,4.0,3,7.0,4.0,62.17,Not placed,0.0,2024,2025-09-14
ST1146,Student_1146,Female,Mechanical,8.86,76.01,63.11,89.02,1,No,3.0,1,7.0,4.0,61.88,Placed,11.57,2024,2025-05-01
ST0369,Student_0369,Male,ECE,8.29,65.15,75.56,66.6,0,Yes,4.0,0,1.0,4.0,74.35,Not placed,0.0,2026,2023-10-01
ST0266,Student_0266,Female,Mechanical,6.05,70.04,74.89,91.94,0,Yes,1.0,1,2.0,9.0,62.77,Placed,9.73,2025,
ST1509,Student_1509,Female,Civil,7.38,78.42,62.74,87.74,0,Yes,3.0,6,10.0,,70.85,Placed,11.04,2026,2026-01-26
ST0052,Student_0052,Female,ECE,7.14,91.41,65.47,,1,Unknown,0.0,6,8.0,6.0,51.33,Placed,,2024,2023-02-07
ST1056,Student_1056,Male,Civil,8.83,91.36,68.37,85.57,1,No,2.0,4,,1.0,72.9,Placed,11.09,2026,2025-02-23
ST0755,Student_0755,Female,CSE,,64.63,80.73,69.96,0,No,3.0,1,2.0,3.0,66.87,Not placed,0.0,2023,2024-07-14
ST0516,Student_0516,Male,Civil,6.72,67.39,78.48,87.89,0,Yes,1.0,1,7.0,3.0,65.17,Placed,11.69,2025,2024-01-19
ST1213,Student_1213,Female,Unknown,6.47,85.34,87.3,81.31,0,No,2.0,0,9.0,6.0,,Placed,9.17,2023,2025-06-20
ST0448,Student_0448,Female,IT,8.5,95.42,59.69,87.23,0,Yes,2.0,1,1.0,2.0,60.39,Not placed,0.0,2024,2023-11-29
ST0330,Student_0330,Female,IT,7.97,66.12,79.58,85.45,0,No,4.0,3,10.0,8.0,82.27,Placed,10.89,2023,2023-09-02
ST1698,Student_1698,Male,IT,7.99,84.52,60.12,73.73,0,No,2.0,4,8.0,4.0,51.94,Placed,10.25,2026,2026-06-16
ST0868,Student_0868,Female,IT,6.26,55.51,66.31,81.69,0,Yes,0.0,4,8.0,3.0,90.26,Placed,5.76,2024,2024-10-06
ST0006,Student_0006,Female,Civil,6.93,78.88,69.91,69.24,3,Yes,0.0,2,5.0,9.0,,Placed,8.75,2026,2023-01-04
ST0981,Student_0981,Female,ECE,6.34,69.82,84.8,80.03,1,Yes,2.0,6,5.0,8.0,82.84,Not placed,0.0,2025,2024-12-29
ST1161,Student_1161,Female,CSE,8.92,56.79,84.12,85.11,0,No,3.0,0,9.0,4.0,55.69,Placed,10.85,2023,2025-05-12
ST0788,Student_0788,Female,IT,8.17,86.84,74.59,88.41,2,Yes,2.0,5,3.0,1.0,53.87,Placed,12.01,2025,2024-08-08
ST0552,Student_0552,Female,ECE,7.2,77.86,75.04,91.38,0,No,3.0,4,7.0,2.0,72.99,Not placed,0.0,2023,2024-02-14
ST0998,Student_0998,Female,CSE,8.82,77.39,70.54,82.12,0,No,2.0,4,1.0,2.0,42.34,Not placed,0.0,2024,2025-01-11
ST1264,Student_1264,Male,Mechanical,7.42,69.09,84.81,77.24,0,No,2.0,0,4.0,3.0,69.27,Not placed,0.0,2026,2025-07-28
ST1689,Student_1689,Male,CSE,7.1,78.9,72.78,71.0,0,No,4.0,5,10.0,2.0,78.55,Placed,8.89,2026,2026-06-09
ST0518,Student_0518,Female,CSE,6.09,76.0,80.07,72.93,0,No,4.0,6,7.0,9.0,65.37,Placed,7.75,2023,2024-01-20
ST1067,Student_1067,Male,CSE,,82.11,89.93,75.64,3,Yes,5.0,5,10.0,6.0,93.36,Placed,13.06,2024,2025-03-03
ST0030,Student_0030,Female,CSE,8.06,76.86,82.39,77.86,2,Yes,2.0,1,6.0,8.0,62.97,Not placed,,2023,2023-01-22
ST1297,Student_1297,Male,IT,7.75,70.71,76.42,69.19,3,No,2.0,3,7.0,4.0,69.21,Placed,11.66,2025,2025-08-21
ST0820,Student_0820,Male,CSE,5.87,75.98,79.4,92.84,1,Yes,3.0,5,,5.0,84.4,Placed,8.47,2026,2024-09-01
ST1523,Student_1523,Male,Mechanical,7.94,92.05,84.62,79.29,0,No,1.0,3,7.0,6.0,61.06,Placed,9.04,2023,2026-02-05
ST1486,Student_1486,Male,ECE,8.23,81.45,79.2,70.23,3,Yes,0.0,0,4.0,5.0,73.08,Not placed,0.0,2026,2026-01-09
ST0343,Student_0343,Male,Mechanical,6.71,61.41,75.03,100.0,0,No,1.0,4,3.0,1.0,60.17,Placed,9.38,2024,2023-09-12
ST0204,Student_0204,Male,Civil,7.14,87.72,47.55,80.02,0,Yes,2.0,0,8.0,3.0,,Not placed,0.0,2023,2023-05-31
ST1080,Student_1080,Male,Mechanical,7.95,73.58,58.65,72.31,0,Yes,4.0,4,0.0,5.0,,Not placed,0.0,2023,2025-03-13
ST0667,Student_0667,Female,ECE,8.07,72.22,74.29,86.44,0,No,3.0,4,4.0,7.0,71.33,Placed,9.94,2024,2024-05-10
ST0144,Student_0144,Female,ECE,7.53,73.55,62.98,77.1,0,No,2.0,3,10.0,10.0,66.56,Placed,12.37,2025,2023-04-17
ST0188,Student_0188,Male,CSE,6.88,56.1,52.39,91.78,4,Yes,3.0,2,4.0,8.0,85.3,Placed,9.6,2024,2023-05-20
ST1214,Student_1214,Female,Civil,8.73,70.93,83.56,88.85,1,Yes,3.0,0,4.0,6.0,60.49,Not placed,0.0,2025,2025-06-21
ST0058,Student_0058,Male,CSE,7.23,69.52,94.36,88.18,2,Yes,1.0,5,4.0,,71.86,Unknown,,2025,2023-02-12
ST0806,Student_0806,Female,CSE,8.97,84.58,82.02,83.88,3,Yes,5.0,4,10.0,7.0,48.68,Placed,10.42,2024,2024-08-21
ST0867,Student_0867,Male,Mechanical,,79.86,67.45,89.25,1,Yes,0.0,6,8.0,2.0,57.61,Not placed,0.0,2024,2024-10-06
ST0982,Student_0982,Female,Civil,7.22,88.25,88.72,86.85,0,Yes,3.0,2,8.0,5.0,85.0,Not placed,0.0,2025,2024-12-30
ST0423,Student_0423,Female,Civil,9.37,72.51,64.5,77.3,0,Yes,0.0,5,4.0,7.0,81.18,Placed,14.34,2025,2023-11-10
ST0024,Student_0024,Female,Mechanical,7.73,80.71,58.08,68.46,0,No,2.0,6,2.0,5.0,78.07,Placed,8.86,2026,2023-01-18
ST1180,Student_1180,Male,Mechanical,7.5,75.81,63.2,71.26,0,No,4.0,1,7.0,9.0,63.28,Placed,,2026,2025-05-26
ST0169,Student_0169,Male,IT,8.15,73.68,73.41,84.45,0,Yes,3.0,3,1.0,3.0,71.54,Placed,12.26,2026,2023-05-05
ST0132,Student_0132,Male,ECE,7.9,77.79,86.51,81.42,1,Yes,0.0,1,1.0,6.0,87.93,Placed,10.73,2023,2023-04-08
ST1521,Student_1521,Female,CSE,7.91,70.58,76.7,84.22,0,No,2.0,1,4.0,4.0,66.05,Placed,10.16,2025,2026-02-04
ST1474,Student_1474,Female,IT,7.5,75.91,63.72,60.58,0,No,3.0,5,5.0,3.0,63.77,Placed,8.64,2026,2025-12-31
ST1461,Student_1461,Male,CSE,8.57,68.01,74.74,96.01,1,Yes,4.0,5,0.0,8.0,73.64,Placed,11.89,2023,2025-12-21
ST0591,Student_0591,Male,CSE,9.45,70.12,86.57,91.4,0,Yes,2.0,0,3.0,7.0,74.85,Placed,11.52,2026,2024-03-14
ST0111,Student_0111,Female,CSE,7.61,77.05,76.94,59.32,0,No,5.0,3,9.0,7.0,43.87,Placed,7.89,2023,2023-03-23
ST1036,Student_1036,Female,Unknown,5.75,72.64,77.55,80.18,1,Yes,4.0,0,5.0,9.0,89.11,Not placed,0.0,2023,2025-02-08
ST1097,Student_1097,Female,Civil,6.65,64.68,56.55,76.6,0,Yes,4.0,5,3.0,3.0,44.18,Placed,11.47,2026,2025-03-26
ST0722,Student_0722,Male,CSE,8.33,81.27,83.67,69.44,0,No,5.0,5,1.0,9.0,66.27,Placed,11.45,2026,2024-06-20
ST1299,Student_1299,Male,ECE,7.94,81.0,60.27,85.16,1,No,2.0,1,7.0,9.0,81.42,Not placed,0.0,2025,2025-08-23
ST0301,Student_0301,Male,Mechanical,8.06,59.29,55.03,78.06,0,Yes,4.0,1,4.0,4.0,67.79,Placed,8.29,2025,2023-08-12
ST0796,Student_0796,Male,CSE,7.75,43.3,76.11,96.63,0,No,4.0,4,10.0,6.0,52.0,Placed,10.79,2026,2024-08-14
ST1594,Student_1594,Female,IT,5.71,68.85,75.69,80.14,0,No,5.0,4,1.0,10.0,70.36,Not placed,0.0,2024,2026-03-30
ST0222,Student_0222,Male,Civil,8.12,86.28,73.28,,0,Yes,2.0,2,1.0,7.0,66.42,Placed,9.04,2025,2023-06-14
ST0865,Student_0865,Female,CSE,6.55,73.5,52.76,71.63,1,Yes,5.0,1,10.0,10.0,65.59,Placed,8.51,2023,2024-10-04
ST0731,Student_0731,Male,Mechanical,6.97,89.82,68.81,74.81,0,Yes,3.0,3,7.0,7.0,74.96,Placed,12.78,2025,2024-06-26
ST1707,Student_1707,Male,CSE,8.74,95.85,64.5,85.36,0,No,2.0,2,1.0,5.0,40.92,Placed,14.29,2026,2026-06-22
ST0799,Student_0799,Male,Civil,9.08,90.93,73.22,80.57,1,No,4.0,1,10.0,6.0,83.29,Placed,0.0,2025,2024-08-16
ST0051,Student_0051,Male,ECE,7.31,88.63,59.44,91.89,0,Yes,3.0,6,7.0,1.0,60.37,Placed,12.08,2024,2023-02-07
ST0590,Student_0590,Male,IT,7.62,66.02,71.83,80.11,2,No,2.0,3,3.0,10.0,53.58,Placed,7.49,2026,2024-03-14
ST1658,Student_1658,Male,CSE,6.61,47.61,76.46,83.92,2,No,5.0,5,15.0,1.0,84.58,Placed,10.23,2023,2026-05-17
ST0185,Student_0185,Male,Civil,8.17,91.3,70.42,92.99,0,Yes,4.0,5,4.0,9.0,50.39,Placed,12.47,2023,2023-05-17
ST0859,Student_0859,Female,CSE,6.37,54.1,63.32,74.11,1,Yes,2.0,2,4.0,8.0,41.91,Not placed,0.0,2024,2024-09-30
ST1121,Student_1121,Female,Civil,8.1,82.29,60.68,69.11,0,No,,4,5.0,6.0,63.3,Placed,13.63,2023,2025-04-12
ST1639,Student_1639,Male,Mechanical,8.16,77.73,58.86,82.73,4,No,1.0,0,6.0,10.0,63.37,Placed,10.51,2025,2026-05-03
ST0166,Student_0166,Male,Mechanical,8.02,64.68,84.07,94.56,0,Yes,2.0,6,7.0,2.0,68.51,Placed,9.94,2025,2023-05-03
ST0492,Student_0492,Male,CSE,8.29,64.14,72.64,74.35,0,No,1.0,1,1.0,9.0,28.37,Not placed,0.0,2025,2024-01-01
ST1007,Student_1007,Female,Civil,8.45,75.03,81.93,86.39,0,No,2.0,1,2.0,7.0,82.44,Placed,12.65,2026,2025-01-18
ST0615,Student_0615,Female,CSE,4.97,78.7,73.35,90.8,0,No,,1,6.0,7.0,38.19,Not placed,0.0,2024,2024-04-01
ST1185,Student_1185,Female,ECE,7.14,73.66,84.76,91.08,4,Unknown,3.0,0,1.0,2.0,54.81,Not placed,,2025,2025-05-30
ST1569,Student_1569,Male,IT,8.43,53.06,65.13,81.07,0,No,0.0,4,8.0,5.0,59.44,Not placed,0.0,2026,2026-03-12
ST0546,Student_0546,Female,CSE,5.54,80.14,73.93,81.54,0,No,3.0,0,5.0,8.0,84.78,Placed,8.0,2023,2024-02-10
ST1223,Student_1223,Male,Civil,,80.18,56.89,86.19,0,No,3.0,6,6.0,4.0,75.57,Placed,13.36,2023,2025-06-27
ST1607,Student_1607,Female,Civil,7.04,64.44,72.6,78.1,0,No,3.0,6,5.0,1.0,,Placed,11.96,2024,2026-04-09
ST1268,Student_1268,Female,CSE,8.99,71.63,67.2,88.98,0,No,3.0,3,5.0,8.0,72.72,Placed,9.22,2024,2025-07-31
ST0225,Student_0225,Female,ECE,8.71,84.9,78.84,80.54,0,No,4.0,6,8.0,8.0,48.02,Placed,11.23,2024,2023-06-16
ST0499,Student_0499,Male,ECE,7.06,76.02,82.12,63.75,0,No,4.0,4,9.0,7.0,91.98,Placed,10.79,2025,2024-01-06
ST0584,Student_0584,Female,CSE,6.1,65.64,79.69,67.31,0,No,1.0,4,4.0,5.0,68.2,Not placed,0.0,2024,2024-03-09
ST1085,Student_1085,Female,CSE,8.24,75.77,57.34,79.88,0,No,3.0,0,2.0,9.0,92.85,Placed,8.93,2023,2025-03-17
ST1190,Student_1190,Female,IT,9.82,83.17,72.65,71.99,1,No,3.0,1,10.0,3.0,52.49,Placed,11.84,2023,2025-06-03
ST1712,Student_1712,Male,CSE,6.79,69.4,100.0,79.35,0,No,2.0,0,2.0,2.0,72.62,Placed,7.8,2023,2026-06-26
ST1095,Student_1095,Female,Mechanical,7.78,97.77,81.24,90.22,0,No,3.0,5,4.0,5.0,65.12,Placed,12.28,2025,2025-03-24
ST0207,Student_0207,Female,IT,8.0,74.44,86.5,100.0,0,Yes,4.0,0,5.0,3.0,70.18,Placed,9.07,2025,2023-06-03
ST0913,Student_0913,Male,CSE,6.91,81.86,63.61,77.63,0,No,3.0,3,2.0,1.0,47.01,Placed,10.53,2024,2024-11-09
ST0627,Student_0627,Male,CSE,7.7,64.94,96.6,81.82,1,Yes,3.0,6,6.0,,75.82,Placed,,2024,2024-04-10
ST0077,Student_0077,Female,ECE,8.98,47.96,47.65,71.02,1,Yes,0.0,4,8.0,4.0,61.3,Placed,9.37,2025,
ST1410,Student_1410,Unknown,IT,7.34,82.71,87.88,78.47,0,No,0.0,2,6.0,9.0,86.39,Placed,7.76,2025,2025-11-13
ST0438,Student_0438,Female,ECE,8.15,75.32,71.31,76.2,2,No,3.0,3,4.0,10.0,72.52,Not placed,0.0,2023,2023-11-22
ST1108,Student_1108,Female,Mechanical,6.25,68.13,53.52,68.64,2,No,5.0,4,5.0,9.0,59.68,Placed,8.91,2026,2025-04-03
ST0556,Student_0556,Female,Civil,7.82,59.05,66.22,82.35,1,No,4.0,0,7.0,10.0,67.4,Placed,10.18,2023,2024-02-17
ST1260,Student_1260,Male,Mechanical,7.64,92.31,72.36,72.9,0,Yes,3.0,1,6.0,10.0,47.79,Placed,10.31,2025,2025-07-25
ST0813,Student_0813,Male,Mechanical,8.14,75.02,53.74,100.0,1,No,4.0,5,7.0,4.0,68.23,Placed,10.09,2023,2024-08-26
ST0699,Student_0699,Female,CSE,8.45,85.96,87.88,77.53,0,Yes,4.0,5,9.0,8.0,40.74,Placed,0.0,2026,2024-06-03
ST0264,Student_0264,Male,Mechanical,6.85,50.74,78.71,,0,No,4.0,0,9.0,1.0,65.79,Placed,12.34,2026,2023-07-15
ST1449,Student_1449,Unknown,ECE,6.68,81.09,68.44,86.26,0,No,3.0,6,5.0,,82.25,Placed,8.68,2024,2025-12-12
ST1224,Student_1224,Male,IT,7.58,69.71,65.65,76.24,1,No,,6,3.0,4.0,78.17,Not placed,0.0,2024,2025-06-28
ST0881,Student_0881,Male,CSE,7.41,82.56,80.5,78.54,1,Yes,2.0,4,3.0,2.0,86.48,Not placed,,2025,
ST0307,Student_0307,Female,ECE,7.37,89.35,82.49,87.03,1,No,2.0,5,1.0,1.0,46.13,Placed,7.62,2023,2023-08-16
ST1017,Student_1017,Female,Civil,6.79,67.6,62.5,80.81,0,No,3.0,4,4.0,4.0,84.03,Not placed,,2024,2025-01-25
ST0955,Student_0955,Male,Civil,7.31,81.32,73.18,99.84,0,No,1.0,2,1.0,5.0,,Placed,9.43,2023,2024-12-10
ST1572,Student_1572,Female,Civil,8.95,80.33,67.34,90.22,2,Yes,1.0,1,6.0,9.0,70.03,Placed,11.25,2025,2026-03-14
ST0792,Student_0792,Female,ECE,8.25,80.18,72.18,66.76,0,Yes,2.0,1,10.0,2.0,61.98,Placed,,2023,2024-08-11
ST1407,Student_1407,Female,CSE,8.18,69.87,65.82,70.11,0,No,1.0,0,3.0,4.0,57.7,Not placed,0.0,2024,2025-11-11
ST0278,Student_0278,Female,CSE,8.33,46.45,55.56,97.23,1,Yes,3.0,1,7.0,7.0,58.0,Placed,11.15,2025,2023-07-26
ST1568,Student_1568,Female,CSE,7.83,68.48,61.35,67.7,0,No,5.0,1,8.0,8.0,67.91,Placed,12.0,2024,2026-03-11
ST0863,Student_0863,Female,CSE,,73.85,89.17,95.74,0,Yes,1.0,0,10.0,10.0,94.54,Placed,,2026,2024-10-03
ST1328,Student_1328,Male,ECE,7.12,67.61,72.7,81.33,1,Yes,1.0,4,7.0,5.0,56.98,Placed,10.89,2026,2025-09-13
ST0899,Student_0899,Male,CSE,6.99,84.24,66.5,62.21,0,No,4.0,3,1.0,8.0,59.16,Placed,8.21,2026,2024-10-29
ST0201,Student_0201,Male,CSE,7.21,72.57,62.37,95.43,2,No,4.0,0,1.0,10.0,36.26,Not placed,0.0,2025,2023-05-29
ST1583,Student_1583,Male,Civil,7.78,81.38,75.46,90.62,0,No,4.0,0,3.0,1.0,29.78,Not placed,0.0,2026,2026-03-22
ST1247,Student_1247,Female,IT,7.22,61.98,76.53,76.57,3,Yes,4.0,2,7.0,1.0,78.62,Placed,12.19,2025,2025-07-15
ST1761,Student_1761,Female,IT,8.19,75.68,70.09,73.28,0,Yes,3.0,4,5.0,10.0,78.7,Placed,9.99,2024,2026-08-01
ST0195,Student_0195,Male,CSE,7.49,78.08,53.72,96.37,0,Yes,3.0,3,1.0,2.0,50.52,Not placed,0.0,2025,2023-05-25
ST0056,Student_0056,Female,IT,9.03,54.18,79.5,71.77,0,No,3.0,5,2.0,8.0,57.68,Placed,11.86,2026,2023-02-10
ST1792,Student_1792,Female,ECE,7.72,92.22,55.56,,0,Yes,1.0,6,7.0,8.0,73.32,Placed,12.87,2025,2026-08-25
ST0740,Student_0740,Female,Civil,8.73,75.36,65.7,87.93,0,No,3.0,4,4.0,9.0,41.38,Placed,12.25,2023,2024-07-03
ST0483,Student_0483,Male,Civil,7.3,64.42,67.76,,3,No,1.0,0,3.0,8.0,,Placed,10.24,2025,2023-12-25
ST0949,Student_0949,Female,Civil,7.73,68.19,65.82,100.0,1,Yes,3.0,2,7.0,2.0,61.95,Placed,11.2,2025,2024-12-06
ST1714,Student_1714,Male,Mechanical,6.13,88.59,81.67,68.93,0,No,5.0,1,6.0,3.0,78.28,Not placed,0.0,2026,2026-06-28
ST1703,Student_1703,Male,Mechanical,8.54,76.51,78.07,80.69,0,Yes,3.0,4,6.0,5.0,52.94,Placed,11.57,2024,2026-06-19
ST0784,Student_0784,Unknown,Mechanical,8.26,78.57,69.63,71.49,0,Yes,0.0,5,2.0,3.0,78.05,Placed,9.18,2024,2024-08-05
ST0261,Student_0261,Male,Mechanical,5.65,78.96,78.92,81.14,0,No,0.0,0,9.0,5.0,48.33,Placed,7.9,2023,2023-07-13
ST1648,Student_1648,Female,IT,6.27,76.93,79.7,74.67,0,Yes,4.0,1,10.0,10.0,50.68,Placed,9.59,2025,2026-05-09
ST1737,Student_1737,Male,Civil,7.82,81.94,69.45,77.53,0,Yes,3.0,4,4.0,1.0,85.68,Placed,11.3,2024,2026-07-15
ST1455,Student_1455,Male,Mechanical,7.57,83.42,73.47,77.75,0,Yes,1.0,1,10.0,4.0,86.15,Placed,8.93,2026,2025-12-17
ST0286,Student_0286,Male,Civil,7.77,80.58,63.53,81.51,0,Yes,0.0,1,8.0,7.0,62.16,Placed,10.6,2025,
ST0678,Student_0678,Female,ECE,6.67,79.89,76.37,64.41,2,No,4.0,2,7.0,10.0,70.66,Placed,10.0,2023,2024-05-18
ST0583,Student_0583,Female,ECE,8.0,69.11,59.36,62.43,4,No,5.0,1,4.0,7.0,76.91,Placed,12.08,2024,2024-03-08
ST0656,Student_0656,Male,CSE,7.15,86.93,86.95,66.74,0,No,0.0,1,2.0,6.0,90.41,Placed,7.57,2024,
ST1367,Student_1367,Male,ECE,8.32,75.8,100.0,85.3,3,No,4.0,2,9.0,2.0,85.4,Not placed,0.0,2026,2025-10-12
ST1507,Student_1507,Female,IT,7.16,74.43,70.17,80.33,0,Unknown,0.0,4,10.0,10.0,65.73,Not placed,0.0,2023,2026-01-25
ST0310,Student_0310,Female,Civil,5.89,74.22,81.99,76.38,0,No,4.0,0,4.0,3.0,67.08,Not placed,0.0,2024,2023-08-18
ST0586,Student_0586,Male,IT,,65.87,80.88,78.4,0,No,0.0,2,1.0,2.0,69.54,Not placed,0.0,2025,2024-03-11
ST1091,Student_1091,Female,Unknown,6.45,74.42,94.91,72.1,4,No,3.0,6,7.0,4.0,72.87,Placed,9.68,2025,2025-03-21
ST1062,Student_1062,Male,IT,8.21,81.83,68.01,63.64,0,Yes,2.0,5,5.0,3.0,23.65,Placed,10.66,2025,
ST1558,Student_1558,Male,ECE,7.76,79.28,84.52,99.92,1,Yes,3.0,0,7.0,4.0,53.94,Placed,10.95,2023,2026-03-04
ST0322,Student_0322,Male,CSE,6.67,77.11,84.22,76.92,0,Yes,3.0,1,1.0,4.0,68.71,Not placed,0.0,2024,
ST1483,Student_1483,Female,Civil,7.32,67.36,58.8,54.79,1,No,3.0,2,3.0,,89.69,Not placed,0.0,2024,2026-01-07
ST0283,Student_0283,Unknown,ECE,6.38,82.98,75.2,81.55,0,No,1.0,5,2.0,3.0,54.29,Not placed,0.0,2025,2023-07-29
ST1039,Student_1039,Male,IT,7.4,72.06,91.16,84.46,0,No,0.0,0,5.0,5.0,65.15,Placed,11.01,2025,2025-02-11
ST0861,Student_0861,Female,IT,9.02,72.34,70.63,83.96,0,Yes,4.0,1,7.0,3.0,65.65,Placed,10.03,2023,2024-10-01
ST0368,Student_0368,Female,IT,7.22,76.26,73.96,78.79,0,Yes,5.0,1,3.0,6.0,57.08,Not placed,0.0,2023,2023-09-30
ST0707,Student_0707,Female,CSE,9.4,80.23,58.2,89.14,1,Yes,5.0,4,7.0,10.0,70.87,Not placed,12.86,2026,2024-06-09
ST1757,Student_1757,Male,Mechanical,5.3,87.55,86.52,84.28,4,No,4.0,4,9.0,8.0,58.1,Placed,11.4,2026,2026-07-30
ST1092,Student_1092,Male,CSE,8.26,67.65,93.17,86.93,0,Yes,3.0,1,8.0,7.0,62.44,Placed,9.87,2025,2025-03-22
ST1423,Student_1423,Male,ECE,7.85,76.68,63.36,70.62,1,No,3.0,3,7.0,4.0,60.86,Placed,10.51,2023,2025-11-23
ST1262,Student_1262,Male,ECE,6.7,74.59,83.59,75.76,1,No,4.0,3,7.0,10.0,58.54,Not placed,0.0,2026,2025-07-26
ST1647,Student_1647,Male,CSE,5.67,68.32,78.11,92.58,0,Yes,4.0,5,5.0,5.0,52.16,Placed,9.24,2024,2026-05-09
ST1417,Student_1417,Male,CSE,8.19,72.25,79.49,78.0,4,No,0.0,4,9.0,5.0,85.17,Not placed,0.0,2026,2025-11-19
ST0009,Student_0009,Male,CSE,6.26,71.51,66.09,72.64,0,Yes,3.0,5,4.0,4.0,68.68,Placed,9.68,2026,2023-01-06
ST0182,Student_0182,Male,CSE,9.3,67.23,72.05,66.67,1,No,4.0,1,1.0,4.0,59.89,Placed,11.21,2024,2023-05-15
ST0361,Student_0361,Female,CSE,7.49,80.09,81.2,81.67,0,No,2.0,4,10.0,2.0,72.11,Placed,11.06,2024,2023-09-25
ST0223,Student_0223,Female,Civil,8.18,75.86,65.12,88.1,1,Yes,2.0,0,2.0,,70.82,Placed,11.48,2026,2023-06-15
ST0441,Student_0441,Male,CSE,7.54,57.58,63.28,95.97,1,No,3.0,5,6.0,9.0,,Placed,8.59,2025,2023-11-24
ST0689,Student_0689,Male,IT,7.89,74.83,78.41,77.79,0,Yes,2.0,5,,5.0,34.76,Placed,,2026,2024-05-26
ST0231,Student_0231,Female,Mechanical,6.47,75.13,64.06,93.14,1,No,4.0,4,3.0,5.0,56.9,Not placed,0.0,2023,2023-06-21
ST1759,Student_1759,Male,CSE,7.64,62.32,75.76,80.2,0,No,5.0,0,7.0,0.0,51.55,Placed,9.4,2023,2026-07-31
ST1105,Student_1105,Female,CSE,6.22,5.0,77.25,68.88,0,No,2.0,1,7.0,4.0,56.17,Placed,7.34,2025,2025-04-01
ST0203,Student_0203,Male,Civil,5.98,85.7,74.13,75.96,0,No,3.0,1,6.0,7.0,60.27,Placed,6.06,2024,2023-05-31
ST0154,Student_0154,Male,Mechanical,6.52,55.88,56.49,95.42,2,No,3.0,0,9.0,5.0,52.75,Placed,11.02,2026,2023-04-24
ST0123,Student_0123,Female,Civil,6.05,79.6,79.74,79.37,3,Yes,4.0,1,6.0,3.0,79.76,Not placed,0.0,2024,2023-04-01
ST1307,Student_1307,Female,CSE,8.07,61.02,55.71,74.54,1,Yes,4.0,2,3.0,8.0,58.55,Placed,9.64,2024,2025-08-29
ST1420,Student_1420,Male,IT,7.46,75.34,64.88,85.6,0,Unknown,4.0,0,9.0,8.0,83.83,Not placed,,2025,2025-11-21
ST0613,Student_0613,Unknown,Civil,7.54,56.79,71.42,65.54,0,No,4.0,5,1.0,5.0,48.24,Placed,10.59,2024,2024-03-31
ST0096,Student_0096,Female,CSE,8.82,71.82,54.58,88.44,4,No,2.0,3,3.0,2.0,67.19,Placed,10.82,2024,2023-03-12
ST0987,Student_0987,Female,Unknown,7.31,85.63,84.53,70.73,0,No,3.0,5,6.0,8.0,,Placed,9.04,2026,2025-01-03
ST0819,Student_0819,Female,Civil,7.31,66.32,77.3,85.84,0,Yes,3.0,6,10.0,5.0,57.15,Placed,12.55,2026,2024-08-31
ST1216,Student_1216,Male,CSE,9.13,76.23,84.91,73.06,0,No,0.0,2,6.0,2.0,59.11,Placed,12.35,2023,2025-06-22
ST1308,Student_1308,Female,Civil,6.22,87.03,62.74,66.5,0,Yes,3.0,4,8.0,5.0,69.73,Unknown,9.65,2023,2025-08-30
ST0940,Student_0940,Female,CSE,8.19,69.78,80.73,74.34,1,Yes,2.0,1,4.0,9.0,64.95,Placed,11.56,2024,2024-11-29
ST1169,Student_1169,Male,CSE,6.35,67.33,72.55,78.96,3,No,2.0,3,3.0,4.0,89.02,Placed,9.09,2024,2025-05-18
ST0385,Student_0385,Male,IT,7.37,70.91,70.72,76.62,2,Yes,1.0,6,2.0,5.0,79.44,Placed,8.74,2026,2023-10-13
ST0332,Student_0332,Male,CSE,8.24,72.13,80.95,81.48,1,No,2.0,3,8.0,10.0,72.33,Placed,10.58,2023,2023-09-04
ST1215,Student_1215,Unknown,ECE,0.0,84.08,53.26,100.0,0,Yes,4.0,2,1.0,6.0,55.76,Placed,,2025,
ST1587,Student_1587,Male,IT,10.0,80.05,62.79,96.13,0,Yes,5.0,5,7.0,9.0,37.53,Unknown,14.19,2025,2026-03-25
ST1560,Student_1560,Male,IT,7.35,71.16,72.83,74.22,0,Yes,2.0,1,10.0,10.0,72.3,Placed,8.81,2025,2026-03-05
ST0196,Student_0196,Female,CSE,8.17,64.04,63.53,65.69,2,No,4.0,6,5.0,7.0,56.16,Placed,10.68,2025,2023-05-26
ST0179,Student_0179,Male,CSE,8.03,73.0,91.38,72.73,1,No,2.0,2,8.0,2.0,55.82,Placed,11.56,2023,2023-05-13
ST0372,Student_0372,Female,Civil,8.47,61.34,75.54,68.75,0,Yes,4.0,5,4.0,6.0,60.49,Placed,9.36,2023,2023-10-03
ST0211,Student_0211,Male,Mechanical,8.2,81.19,58.47,87.09,1,No,5.0,4,9.0,3.0,78.73,Placed,10.86,2025,2023-06-06
ST0143,Student_0143,Female,IT,6.82,59.62,76.96,83.34,0,No,2.0,3,10.0,10.0,83.47,Placed,5.6,2023,2023-04-16
ST1267,Student_1267,Male,ECE,8.01,85.29,81.46,74.86,1,No,3.0,3,8.0,5.0,60.21,Placed,10.33,2024,2025-07-30
ST1086,Student_1086,Male,CSE,9.28,69.88,74.96,70.22,2,No,2.0,0,8.0,4.0,65.49,Not placed,0.0,2023,2025-03-17
ST0568,Student_0568,Female,IT,6.19,85.77,60.53,91.63,0,No,3.0,1,9.0,8.0,70.13,Placed,12.04,2026,2024-02-26
ST1374,Student_1374,Female,ECE,7.55,80.54,10.0,81.0,2,No,1.0,5,1.0,1.0,67.04,Placed,8.51,2023,2025-10-18
ST1429,Student_1429,Female,ECE,7.39,56.93,63.6,89.53,1,No,4.0,5,6.0,7.0,77.26,Placed,11.57,2023,2025-11-28
ST0782,Student_0782,Male,Civil,7.86,80.93,82.71,100.0,0,No,5.0,3,1.0,4.0,51.42,Placed,7.72,2025,2024-08-03
ST1322,Student_1322,Male,ECE,6.24,69.61,77.39,72.46,0,Yes,5.0,6,1.0,1.0,50.26,Placed,7.99,2025,2025-09-09
ST1793,Student_1793,Male,CSE,7.15,67.33,74.94,80.97,0,No,3.0,1,1.0,3.0,63.1,Not placed,0.0,2024,2026-08-25
ST0098,Student_0098,Female,CSE,6.9,72.4,73.38,84.92,2,Yes,3.0,6,6.0,6.0,74.31,Unknown,9.98,2026,2023-03-14
ST1691,Student_1691,Female,Mechanical,7.1,71.8,68.29,82.86,1,Yes,2.0,1,6.0,3.0,39.03,Not placed,0.0,2023,2026-06-10
ST0421,Student_0421,Female,CSE,5.91,54.64,93.81,65.84,2,No,2.0,6,7.0,5.0,59.82,Placed,7.2,2024,2023-11-09
ST0025,Student_0025,Female,IT,6.24,69.19,70.85,88.55,3,No,3.0,5,7.0,10.0,48.93,Placed,10.34,2023,2023-01-18
ST1500,Student_1500,Male,ECE,6.87,57.26,80.28,73.21,0,Yes,1.0,3,8.0,1.0,55.67,Not placed,0.0,2025,2026-01-19
ST1580,Student_1580,Male,Mechanical,7.54,73.58,62.3,84.21,1,No,3.0,6,10.0,9.0,55.31,Placed,9.58,2025,2026-03-20
ST1617,Student_1617,Male,CSE,5.32,95.36,63.96,77.52,2,Yes,5.0,4,2.0,5.0,45.21,Placed,8.95,2025,2026-04-16
ST1305,Student_1305,Female,Mechanical,9.77,78.08,90.66,87.07,0,No,0.0,0,,9.0,79.13,Placed,10.54,2026,2025-08-27
ST1589,Student_1589,Male,ECE,7.32,62.6,76.91,79.17,0,No,5.0,1,6.0,5.0,62.96,Placed,12.64,2026,2026-03-27
ST1323,Student_1323,Unknown,CSE,7.37,70.33,84.55,63.4,0,Yes,1.0,2,2.0,4.0,58.54,Placed,8.65,2026,2025-09-10
ST1473,Student_1473,Male,ECE,9.55,80.34,81.95,84.99,0,No,4.0,2,9.0,5.0,78.89,Placed,15.05,2023,
ST1779,Student_1779,Unknown,CSE,8.09,67.27,64.2,82.2,0,No,3.0,2,5.0,5.0,86.72,Placed,9.23,2024,2026-08-15
ST0653,Student_0653,Male,Mechanical,,74.94,67.33,79.98,1,Yes,4.0,0,8.0,5.0,77.4,Placed,8.75,2024,2024-04-29
ST0632,Student_0632,Female,ECE,6.7,92.19,85.37,88.78,2,No,4.0,0,5.0,5.0,66.2,Placed,8.98,2025,2024-04-14
ST1293,Student_1293,Female,ECE,7.93,72.75,66.88,82.7,0,Yes,5.0,0,9.0,7.0,82.87,Placed,10.53,2024,2025-08-18
ST1591,Student_1591,Female,CSE,8.5,67.54,79.99,58.08,0,No,3.0,5,5.0,9.0,56.76,Placed,9.53,2026,2026-03-28
ST0938,Student_0938,Male,IT,7.52,74.64,70.64,94.02,0,Yes,4.0,3,3.0,7.0,87.29,Placed,9.57,2024,2024-11-27
ST0958,Student_0958,Male,IT,8.72,91.1,62.82,70.15,0,Yes,5.0,3,5.0,9.0,86.33,Placed,11.83,2025,2024-12-12
ST0346,Student_0346,Male,ECE,8.22,73.99,64.52,76.46,1,No,3.0,5,2.0,7.0,70.92,Placed,10.44,2025,2023-09-14
ST1448,Student_1448,Female,IT,6.86,52.51,62.39,79.49,2,No,3.0,4,9.0,5.0,81.18,Not placed,0.0,2023,2025-12-12
ST0155,Student_0155,Male,Civil,7.04,88.11,56.73,89.94,0,Yes,3.0,5,6.0,4.0,32.79,Placed,10.79,2023,2023-04-25
ST0721,Student_0721,Female,IT,6.95,72.51,70.0,75.91,3,Yes,4.0,2,7.0,7.0,63.01,Placed,11.81,2026,2024-06-19
ST1342,Student_1342,Female,CSE,7.42,100.0,62.7,80.82,0,Yes,3.0,6,1.0,2.0,59.56,Placed,10.73,2023,2025-09-24
ST0127,Student_0127,Female,Civil,8.39,89.62,48.54,,0,No,0.0,3,9.0,5.0,73.9,Placed,11.9,2026,2023-04-04
ST0422,Student_0422,Female,CSE,5.62,75.47,63.28,,3,Yes,2.0,2,2.0,7.0,61.46,Placed,6.63,2023,2023-11-10
ST0842,Student_0842,Female,Mechanical,7.43,65.25,58.47,70.84,1,Yes,3.0,1,4.0,7.0,80.04,Placed,9.27,2026,2024-09-17
ST0267,Student_0267,Female,Mechanical,6.58,85.97,85.68,66.6,1,Yes,2.0,3,6.0,8.0,63.68,Placed,9.39,2025,2023-07-17
ST1021,Student_1021,Male,ECE,8.34,77.4,82.84,66.71,0,No,1.0,5,4.0,7.0,69.99,Not placed,0.0,2024,2025-01-28
ST0738,Student_0738,Male,CSE,6.61,91.65,67.69,69.32,0,No,1.0,6,8.0,7.0,67.85,Unknown,8.97,2025,2024-07-02
ST1155,Student_1155,Female,Mechanical,5.94,84.56,74.98,88.72,0,Yes,4.0,3,5.0,5.0,68.03,Not placed,10.83,2025,2025-05-08
ST0037,Student_0037,Female,CSE,6.69,78.11,79.89,76.42,1,Yes,3.0,5,3.0,7.0,59.49,Not placed,1.5,2025,2023-01-27
ST0713,Student_0713,Male,ECE,8.98,72.74,57.78,78.26,0,Yes,1.0,2,1.0,7.0,49.58,Placed,10.62,2026,2024-06-13
ST1005,Student_1005,Male,Mechanical,7.54,70.4,79.76,92.66,1,Yes,2.0,2,4.0,10.0,80.71,Not placed,0.0,2025,2025-01-16
ST0156,Student_0156,Female,IT,7.96,72.76,91.39,89.02,3,No,3.0,4,6.0,10.0,79.97,Placed,12.3,2024,
ST0932,Student_0932,Female,ECE,7.17,66.74,66.07,,0,No,5.0,2,2.0,6.0,79.09,Not placed,11.02,2026,2024-11-23
ST0901,Student_0901,Male,Civil,5.01,83.69,55.75,72.34,3,No,5.0,5,2.0,2.0,52.82,Not placed,0.0,2026,2024-10-31
ST0079,Student_0079,Male,IT,7.19,70.12,100.0,76.25,0,No,5.0,2,1.0,9.0,63.8,Not placed,0.0,2026,2023-02-28
ST1746,Student_1746,Female,IT,8.69,75.2,92.03,61.33,0,No,5.0,3,7.0,5.0,79.15,Placed,12.41,2026,2026-07-21
ST0375,Student_0375,Male,IT,6.41,61.93,63.15,91.13,2,No,2.0,3,8.0,1.0,78.23,Not placed,0.0,2026,2023-10-06
ST0403,Student_0403,Male,CSE,8.06,82.55,93.55,78.25,1,No,1.0,0,4.0,5.0,81.93,Placed,11.71,2023,2023-10-26
ST0197,Student_0197,Female,CSE,6.41,66.19,80.4,67.14,0,Yes,5.0,5,6.0,9.0,53.52,Not placed,0.0,2025,2023-05-26
ST0389,Student_0389,Male,CSE,7.27,76.54,79.07,73.11,1,No,1.0,5,,1.0,61.45,Not placed,0.0,2026,
ST0918,Student_0918,Female,Mechanical,,69.71,62.7,100.0,1,Yes,2.0,4,8.0,4.0,64.33,Placed,8.43,2025,2024-11-13
ST0780,Student_0780,Male,ECE,8.76,74.61,88.67,77.35,0,Yes,4.0,0,7.0,10.0,47.29,Placed,11.22,2025,2024-08-02
ST0178,Student_0178,Male,ECE,7.32,88.57,41.11,79.52,0,No,1.0,2,2.0,2.0,49.4,Not placed,0.0,2026,2023-05-12
ST1281,Student_1281,Female,IT,6.83,76.07,76.21,81.44,0,Yes,1.0,4,10.0,9.0,46.21,Not placed,10.69,2026,2025-08-09
ST0544,Student_0544,Female,IT,6.96,80.44,61.1,72.05,0,No,2.0,0,10.0,6.0,81.7,Placed,11.56,2026,2024-02-08
ST1084,Student_1084,Female,IT,9.02,72.62,49.82,78.33,0,No,2.0,0,,10.0,70.97,Placed,12.32,2023,2025-03-16
ST1677,Student_1677,Male,Civil,7.53,,68.87,90.53,0,No,2.0,1,2.0,5.0,77.22,Not placed,0.0,2024,
ST0413,Student_0413,Female,ECE,7.28,94.48,72.82,65.56,0,No,4.0,0,3.0,10.0,64.32,Placed,10.41,2023,2023-11-03
ST1770,Student_1770,Male,IT,7.88,81.13,71.02,69.37,0,No,4.0,5,,9.0,72.53,Placed,9.85,2026,2026-08-08
ST1250,Student_1250,Female,Mechanical,6.77,75.16,51.53,78.29,2,Yes,2.0,6,9.0,2.0,51.93,Placed,9.04,2024,2025-07-17
ST0625,Student_0625,Male,IT,7.43,74.21,50.15,89.3,0,Yes,5.0,3,,8.0,58.24,Placed,13.07,2024,2024-04-09
ST1614,Student_1614,Male,ECE,7.67,73.02,62.99,76.09,3,No,4.0,0,4.0,,78.53,Placed,9.36,2023,2026-04-14
ST0960,Student_0960,Male,Mechanical,7.64,81.36,65.35,72.77,2,Yes,3.0,0,3.0,9.0,63.31,Placed,8.08,2025,2024-12-14
ST0099,Student_0099,Female,Civil,5.63,90.99,74.77,63.9,2,No,0.0,4,8.0,8.0,55.73,Placed,10.19,2025,2023-03-14
ST0141,Student_0141,Female,ECE,7.85,80.72,66.01,87.5,0,Yes,4.0,6,1.0,2.0,47.02,Not placed,0.0,2025,2023-04-15
ST1337,Student_1337,Male,Civil,7.09,85.92,68.77,82.78,3,No,3.0,2,1.0,1.0,57.36,Placed,10.5,2025,2025-09-20
ST0939,Student_0939,Female,Civil,7.73,76.47,77.24,67.91,0,No,2.0,3,4.0,1.0,35.75,Placed,7.82,2024,2024-11-28
ST1493,Student_1493,Male,IT,,84.26,70.75,69.64,0,Yes,0.0,5,2.0,1.0,78.88,Not placed,0.0,2026,2026-01-14
ST1053,Student_1053,Male,ECE,6.4,77.87,73.64,63.81,3,Yes,4.0,6,4.0,6.0,63.16,Placed,9.83,2023,2025-02-21
ST0876,Student_0876,Male,IT,6.16,59.04,54.28,56.35,2,Yes,5.0,4,1.0,4.0,93.87,Not placed,0.0,2023,2024-10-12
ST0054,Student_0054,Female,Civil,8.87,63.77,96.08,93.64,3,No,1.0,5,9.0,1.0,,Placed,12.89,2024,2023-02-09
ST1769,Student_1769,Male,Mechanical,7.93,73.95,42.49,81.3,0,Yes,1.0,4,7.0,2.0,60.15,Placed,8.37,2026,2026-08-07
ST1717,Student_1717,Female,IT,8.59,68.92,81.54,83.83,2,No,4.0,1,6.0,6.0,,Not placed,0.0,2025,2026-06-30
ST1078,Student_1078,Male,IT,8.33,79.88,80.65,97.52,0,No,4.0,1,10.0,9.0,87.39,Placed,12.14,2025,2025-03-12
ST0966,Student_0966,Male,Civil,8.78,74.9,61.13,87.41,4,Yes,,1,5.0,7.0,80.72,Placed,10.37,2023,2024-12-18
ST1706,Student_1706,Female,ECE,7.1,82.07,76.23,66.88,0,Yes,2.0,3,8.0,4.0,82.63,Placed,10.53,2024,2026-06-22
ST0894,Student_0894,Male,ECE,8.65,74.86,72.57,71.31,0,Yes,3.0,3,9.0,3.0,62.32,Placed,13.63,2026,2024-10-26
ST0628,Student_0628,Female,IT,6.74,78.6,56.01,69.64,0,No,4.0,2,5.0,6.0,68.84,Not placed,0.0,2025,2024-04-11
ST0996,Student_0996,Male,Mechanical,8.24,69.99,86.17,69.45,4,Yes,3.0,2,7.0,7.0,60.12,Placed,11.28,2025,2025-01-10
ST1280,Student_1280,Female,Unknown,9.55,75.62,88.88,87.67,0,Yes,0.0,1,6.0,7.0,50.01,Placed,11.89,2023,2025-08-09
ST1482,Student_1482,Male,Civil,7.61,69.76,68.84,67.02,2,No,2.0,1,9.0,2.0,,Not placed,0.0,2025,
ST0088,Student_0088,Male,IT,7.43,81.96,74.94,94.95,0,No,1.0,6,8.0,2.0,42.94,Placed,8.8,2024,2023-03-06
ST0039,Student_0039,Male,CSE,7.27,95.15,75.26,91.77,3,No,1.0,6,4.0,7.0,74.84,Not placed,10.66,2026,2023-01-29
ST1740,Student_1740,Male,Unknown,8.5,88.34,79.83,75.66,0,Yes,3.0,4,1.0,3.0,66.45,Placed,12.62,2025,2026-07-17
ST0323,Student_0323,Female,IT,7.43,77.1,69.01,83.6,0,Yes,3.0,6,6.0,7.0,55.31,Placed,11.43,2025,2023-08-28
ST0635,Student_0635,Female,IT,7.75,82.92,88.29,62.32,0,Yes,2.0,4,7.0,5.0,60.68,Placed,8.84,2023,2024-04-16
ST0281,Student_0281,Female,Civil,,72.44,72.35,85.77,4,No,2.0,6,3.0,5.0,59.77,Placed,12.78,2024,2023-07-28
ST0999,Student_0999,Female,IT,7.57,62.09,61.51,90.1,0,No,3.0,4,3.0,2.0,81.84,Placed,8.47,2024,2025-01-12
ST1210,Student_1210,Male,Civil,9.3,68.41,58.69,65.18,0,No,3.0,0,8.0,7.0,64.58,Placed,10.08,2023,2025-06-18
ST0087,Student_0087,Female,ECE,7.06,70.19,64.04,81.63,0,No,3.0,3,1.0,8.0,35.49,Placed,12.21,2023,2023-03-05
ST1550,Student_1550,Female,IT,7.42,85.99,81.47,63.16,0,Yes,4.0,5,10.0,10.0,90.26,Placed,8.27,2024,2026-02-26
ST0134,Student_0134,Male,CSE,6.43,78.19,53.27,86.63,2,No,4.0,5,9.0,10.0,74.84,Placed,,2024,2023-04-09
ST0962,Student_0962,Male,ECE,8.26,62.81,65.27,70.29,0,Yes,3.0,6,7.0,3.0,65.95,Placed,10.52,2024,2024-12-15
ST1218,Student_1218,Female,ECE,9.09,72.89,82.88,77.28,2,Yes,4.0,6,10.0,7.0,51.66,Placed,11.49,2025,2025-06-24
ST0767,Student_0767,Male,CSE,5.42,80.1,83.97,99.74,3,Yes,3.0,3,8.0,4.0,83.5,Not placed,0.0,2026,2024-07-23
ST0886,Student_0886,Male,Civil,8.54,72.52,72.98,82.95,1,Yes,1.0,6,3.0,3.0,57.06,Not placed,1.5,2024,2024-10-20
ST1035,Student_1035,Male,ECE,6.35,68.44,49.64,56.46,2,No,3.0,3,2.0,10.0,48.11,Placed,8.76,2026,2025-02-08
ST1599,Student_1599,Female,Civil,,73.21,57.87,85.7,3,No,2.0,0,4.0,4.0,91.33,Not placed,0.0,2025,2026-04-03
ST0490,Student_0490,Male,IT,8.96,52.82,88.07,89.78,1,No,4.0,3,9.0,6.0,89.82,Not placed,0.0,2023,2023-12-30
ST0923,Student_0923,Male,ECE,7.21,80.31,64.76,71.14,2,Yes,2.0,6,1.0,10.0,41.54,Placed,8.14,2024,2024-11-16
ST1499,Student_1499,Male,ECE,5.96,67.29,74.77,82.95,1,No,3.0,0,2.0,9.0,60.92,Not placed,0.0,2025,2026-01-19
ST0717,Student_0717,Male,Civil,6.91,61.07,64.57,80.2,0,Yes,5.0,1,4.0,6.0,85.51,Placed,9.36,2026,2024-06-16
ST0387,Student_0387,Male,CSE,7.59,63.73,82.05,77.25,0,No,4.0,3,1.0,4.0,78.61,Not placed,0.0,2025,2023-10-15
ST1379,Student_1379,Female,ECE,8.0,67.41,46.96,85.65,0,No,3.0,0,10.0,4.0,,Placed,11.0,2024,2025-10-21
ST0652,Student_0652,Female,ECE,6.85,65.15,57.18,82.97,0,Yes,4.0,0,4.0,5.0,38.01,Placed,7.29,2026,2024-04-29
ST0105,Student_0105,Female,Mechanical,6.29,66.91,75.03,98.52,0,No,4.0,0,3.0,5.0,69.8,Not placed,0.0,2026,2023-03-19
ST0073,Student_0073,Male,Mechanical,8.22,75.18,68.48,84.85,0,No,2.0,1,2.0,1.0,72.77,Placed,9.52,2024,2023-02-23
ST1235,Student_1235,Female,Mechanical,6.79,82.95,75.15,79.36,0,No,3.0,2,7.0,9.0,37.01,Not placed,0.0,2026,2025-07-06
ST0458,Student_0458,Female,IT,7.3,60.67,85.84,76.48,0,No,1.0,0,3.0,9.0,90.14,Placed,10.5,2023,2023-12-06
ST1317,Student_1317,Female,Mechanical,7.39,69.0,73.13,76.56,2,Yes,4.0,2,5.0,1.0,75.37,Placed,10.34,2023,2025-09-05
ST0688,Student_0688,Male,IT,7.87,46.62,89.23,59.53,2,Yes,1.0,1,1.0,4.0,77.86,Not placed,0.0,2026,2024-05-25
ST1079,Student_1079,Female,Civil,8.4,67.66,68.87,54.91,2,Unknown,2.0,2,4.0,4.0,78.63,Placed,35.0,2023,2025-03-12
ST0704,Student_0704,Female,IT,7.23,83.38,58.27,74.21,0,No,3.0,6,6.0,3.0,86.33,Placed,11.92,2024,2024-06-06
ST1060,Student_1060,Female,Mechanical,9.33,98.92,80.56,77.91,2,Yes,4.0,4,8.0,9.0,49.44,Placed,8.94,2025,2025-02-26
ST1467,Student_1467,Female,CSE,6.53,77.4,77.95,91.67,0,No,2.0,0,9.0,9.0,52.76,Placed,9.92,2026,2025-12-26
ST1702,Student_1702,Female,CSE,6.97,83.65,57.35,86.53,2,No,4.0,2,4.0,4.0,63.05,Placed,7.54,2026,
ST0279,Student_0279,Male,Mechanical,8.31,66.43,85.54,96.39,0,Yes,2.0,3,10.0,5.0,59.54,Placed,11.19,2025,2023-07-26
ST0081,Student_0081,Unknown,IT,6.25,75.23,85.14,82.35,1,No,2.0,6,9.0,9.0,49.54,Placed,12.64,2023,2023-03-01
ST1722,Student_1722,Male,Civil,7.99,75.83,78.23,97.77,2,Yes,3.0,6,6.0,1.0,66.97,Not placed,0.0,2023,2026-07-03
ST0358,Student_0358,Female,IT,7.45,76.86,55.97,63.45,0,Yes,5.0,5,6.0,6.0,64.91,Placed,13.66,2026,2023-09-23
ST1640,Student_1640,Female,Mechanical,6.95,65.02,67.44,83.42,0,No,,0,6.0,9.0,73.97,Not placed,0.0,2026,2026-05-04
ST0363,Student_0363,Male,IT,7.01,60.16,71.21,68.06,0,No,3.0,4,3.0,9.0,67.46,Placed,7.81,2026,
ST0783,Student_0783,Female,ECE,6.77,79.1,64.62,82.42,2,No,5.0,4,4.0,6.0,43.17,Placed,10.84,2024,2024-08-04
ST0528,Student_0528,Female,Civil,8.39,61.67,58.2,77.12,0,Yes,4.0,1,2.0,6.0,74.8,Placed,10.64,2025,2024-01-27
ST1249,Student_1249,Female,IT,8.01,73.75,90.16,91.57,0,Yes,3.0,3,10.0,8.0,72.28,Placed,10.62,2026,2025-07-17
ST0190,Student_0190,Female,CSE,6.4,64.6,60.91,67.64,0,Yes,4.0,1,4.0,5.0,61.04,Not placed,0.0,2023,2023-05-21
ST0313,Student_0313,Female,CSE,6.21,69.1,97.22,86.58,0,No,3.0,5,2.0,5.0,76.27,Placed,8.75,2026,2023-08-21
ST1573,Student_1573,Female,Civil,6.58,76.65,67.98,87.33,0,Yes,2.0,1,6.0,,79.16,Not placed,0.0,2026,2026-03-15
ST0446,Student_0446,Male,IT,6.39,81.46,70.1,83.21,0,Yes,5.0,3,9.0,3.0,91.84,Not placed,0.0,2023,2023-11-27
ST1244,Student_1244,Male,IT,9.31,65.05,85.8,86.57,1,Yes,1.0,4,2.0,3.0,57.82,Not placed,0.0,2023,2025-07-13
ST0137,Student_0137,Male,IT,5.72,76.89,65.77,69.7,0,Yes,5.0,1,10.0,3.0,34.85,Placed,11.39,2025,2023-04-12
ST1124,Student_1124,Male,CSE,8.56,72.29,54.02,78.62,0,Yes,3.0,1,1.0,1.0,70.32,Placed,9.66,2026,2025-04-15
ST0290,Student_0290,Female,Mechanical,6.17,56.96,83.6,82.34,1,Yes,5.0,2,7.0,3.0,72.38,Placed,10.86,2024,2023-08-03
ST1193,Student_1193,Male,CSE,5.95,72.42,77.76,,3,No,3.0,5,5.0,3.0,40.24,Not placed,0.0,2024,2025-06-05
ST0424,Student_0424,Male,CSE,7.89,58.27,63.42,66.1,0,Yes,3.0,6,1.0,6.0,32.61,Placed,9.66,2023,2023-11-11
ST0463,Student_0463,Female,ECE,7.46,78.24,65.59,96.39,0,Yes,4.0,3,8.0,8.0,66.32,Placed,13.63,2025,2023-12-10
ST0550,Student_0550,Male,ECE,7.24,85.54,73.62,93.34,0,Yes,,5,3.0,7.0,56.13,Placed,,2026,2024-02-13
ST1311,Student_1311,Male,Mechanical,7.65,73.98,81.43,72.93,1,No,2.0,0,5.0,6.0,53.25,Not placed,0.0,2025,2025-09-01
ST1239,Student_1239,Male,CSE,7.9,67.34,72.36,80.52,1,Yes,4.0,3,9.0,7.0,46.6,Placed,9.24,2024,2025-07-09
ST1286,Student_1286,Female,Civil,7.35,80.04,77.45,80.66,3,No,5.0,0,7.0,2.0,50.51,Not placed,9.0,2026,2025-08-13
ST0698,Student_0698,Female,CSE,7.44,67.67,89.51,100.0,1,Yes,2.0,3,1.0,6.0,59.09,Placed,12.11,2026,2024-06-02
ST1163,Student_1163,Female,Mechanical,8.78,61.08,59.31,85.3,0,Yes,2.0,1,10.0,5.0,68.92,Placed,11.06,2025,2025-05-14
ST1396,Student_1396,Female,CSE,6.33,74.91,51.73,86.43,1,No,0.0,6,5.0,1.0,37.84,Placed,6.67,2024,2025-11-03
ST1480,Student_1480,Female,Mechanical,7.08,86.19,85.7,91.48,0,Yes,,2,1.0,7.0,77.25,Placed,5.66,2023,2026-01-05
ST1265,Student_1265,Female,IT,9.47,56.53,66.06,68.41,0,Yes,2.0,3,2.0,2.0,82.11,Placed,10.47,2024,2025-07-29
ST0803,Student_0803,Male,IT,6.61,64.54,89.94,81.5,0,Yes,0.0,3,6.0,10.0,49.58,Placed,10.41,2023,2024-08-19
ST0649,Student_0649,Female,CSE,7.44,69.34,82.97,87.57,1,No,2.0,1,,5.0,46.35,Placed,11.77,2023,2024-04-26
ST1269,Student_1269,Male,ECE,9.77,66.54,72.94,,0,No,4.0,0,5.0,1.0,59.6,Placed,13.73,2024,2025-08-01
ST1066,Student_1066,Male,ECE,5.62,74.51,88.39,,0,No,3.0,0,5.0,6.0,62.37,Placed,9.09,2025,2025-03-03
ST0004,Student_0004,Male,ECE,8.09,82.61,70.91,75.6,0,Yes,3.0,5,8.0,10.0,72.81,Placed,11.48,2026,2023-01-03
ST1059,Student_1059,Female,ECE,8.39,76.93,60.91,73.0,1,No,2.0,3,3.0,10.0,83.8,Placed,10.96,2023,2025-02-25
ST0236,Student_0236,Female,CSE,9.03,82.94,74.38,79.7,0,No,5.0,5,6.0,10.0,75.16,Placed,11.62,2025,2023-06-24
ST1134,Student_1134,Unknown,Civil,8.67,61.59,75.82,96.64,1,No,2.0,4,10.0,3.0,39.4,Placed,11.89,2026,2025-04-22
ST0348,Student_0348,Female,CSE,8.95,65.33,63.15,83.27,0,No,2.0,3,1.0,1.0,40.94,Placed,8.04,2025,2023-09-16
ST1534,Student_1534,Male,CSE,7.81,67.52,87.95,72.12,1,No,3.0,6,4.0,9.0,71.11,Placed,10.14,2025,2026-02-14
ST1372,Student_1372,Male,IT,6.87,71.87,71.6,82.14,0,Yes,4.0,4,8.0,4.0,46.07,Placed,9.64,2024,2025-10-16
ST1470,Student_1470,Male,Mechanical,7.27,78.11,56.73,88.01,0,No,3.0,6,1.0,3.0,38.29,Placed,8.92,2024,2025-12-28
ST0696,Student_0696,Female,ECE,9.2,87.62,78.61,75.2,4,Yes,2.0,0,1.0,9.0,32.34,Not placed,0.0,2025,
ST0588,Student_0588,Male,ECE,8.39,78.44,67.18,83.39,4,Yes,2.0,3,5.0,3.0,73.76,Placed,13.44,2024,2024-03-12
ST1314,Student_1314,Male,Civil,9.09,81.54,56.25,77.13,4,No,5.0,0,,8.0,80.47,Placed,12.26,2023,2025-09-03
ST1162,Student_1162,Male,ECE,5.01,67.94,100.0,82.02,3,No,4.0,6,10.0,10.0,53.75,Placed,8.22,2023,2025-05-13
ST1557,Student_1557,Female,IT,9.99,76.34,84.83,,1,No,1.0,4,10.0,8.0,63.92,Placed,14.56,2026,2026-03-03
ST0920,Student_0920,Female,IT,8.7,79.79,75.21,83.32,0,No,4.0,5,7.0,12.0,62.56,Placed,11.62,2025,2024-11-14
ST1279,Student_1279,Male,ECE,7.28,64.74,87.81,84.87,0,Yes,4.0,6,8.0,1.0,70.46,Placed,8.99,2026,2025-08-08
ST0272,Student_0272,Female,Civil,7.68,64.1,66.06,73.2,2,No,1.0,1,9.0,,72.35,Placed,10.51,2024,2023-07-21
ST0640,Student_0640,Female,ECE,7.3,75.14,68.31,78.86,1,No,,0,10.0,9.0,64.02,Placed,9.38,2025,2024-04-20
ST1768,Student_1768,Male,ECE,8.21,67.55,96.37,72.9,0,No,1.0,6,7.0,4.0,86.68,Placed,11.27,2023,2026-08-07
ST1497,Student_1497,Female,CSE,6.67,84.64,72.37,75.63,2,Yes,5.0,2,8.0,1.0,57.47,Placed,9.37,2026,2026-01-17
ST0658,Student_0658,Male,IT,6.2,84.19,57.36,86.32,0,No,0.0,0,2.0,,71.62,Not placed,0.0,2023,2024-05-03
ST1326,Student_1326,Male,IT,9.55,63.66,54.01,73.37,1,Yes,1.0,2,7.0,6.0,89.36,Placed,12.93,2024,2025-09-12
ST1475,Student_1475,Female,ECE,8.28,66.48,53.82,78.45,4,Yes,0.0,0,5.0,7.0,91.2,Placed,8.82,2025,2026-01-01
ST1008,Student_1008,Male,IT,6.48,87.3,76.65,96.98,0,Yes,3.0,5,4.0,10.0,55.7,Placed,8.89,2026,2025-01-18
ST0540,Student_0540,Female,ECE,8.13,78.87,78.43,76.38,0,Yes,4.0,6,6.0,2.0,77.7,Placed,9.31,2026,2024-02-05
ST1392,Student_1392,Female,CSE,5.01,63.02,63.74,83.93,3,No,2.0,2,4.0,1.0,76.97,Placed,7.24,2025,2025-10-31
ST1673,Student_1673,Female,IT,6.28,72.86,71.79,75.09,1,Yes,4.0,4,8.0,5.0,66.09,Not placed,0.0,2026,2026-05-28
ST0364,Student_0364,Female,IT,8.94,72.92,63.42,69.87,1,Yes,2.0,1,9.0,3.0,71.16,Placed,11.01,2024,2023-09-27
ST0008,Student_0008,Male,IT,9.05,61.67,88.53,58.8,0,No,2.0,6,8.0,1.0,60.32,Placed,12.09,2023,2023-01-06
ST1476,Student_1476,Female,CSE,6.71,75.06,74.73,68.44,1,No,2.0,2,9.0,5.0,56.46,Placed,8.38,2023,2026-01-02
ST0907,Student_0907,Female,ECE,,70.32,77.21,81.58,0,No,4.0,3,5.0,5.0,69.36,Not placed,0.0,2024,2024-11-04
ST0723,Student_0723,Female,ECE,6.4,75.46,60.92,61.2,0,No,3.0,4,10.0,4.0,27.19,Not placed,0.0,2026,2024-06-20
ST1389,Student_1389,Male,IT,8.78,73.06,63.75,62.85,1,Yes,3.0,1,2.0,9.0,55.11,Placed,7.53,2023,2025-10-29
ST1290,Student_1290,Male,ECE,6.97,63.01,73.61,82.67,0,No,2.0,5,9.0,3.0,66.95,Placed,9.34,2026,2025-08-16
ST1557,Student_1557,Female,IT,9.99,76.34,84.83,100.0,1,No,1.0,4,10.0,8.0,63.92,Placed,14.56,2026,2026-03-03
ST0504,Student_0504,Female,Mechanical,7.81,69.38,45.63,87.85,1,No,4.0,4,7.0,8.0,78.28,Placed,8.78,2023,2024-01-10
ST1539,Student_1539,Female,ECE,7.36,71.73,75.01,94.92,0,Yes,3.0,6,1.0,2.0,71.24,Placed,10.57,2026,2026-02-17
ST1571,Student_1571,Female,CSE,8.57,82.03,65.73,76.59,0,Yes,3.0,4,3.0,8.0,62.56,Placed,9.23,2023,2026-03-13
ST1738,Student_1738,Male,Mechanical,9.15,82.17,68.96,60.74,0,Yes,2.0,2,7.0,1.0,59.51,Not placed,0.0,2026,2026-07-15
ST1427,Student_1427,Male,Mechanical,8.14,58.68,85.85,68.37,0,Yes,2.0,1,9.0,6.0,70.41,Placed,11.6,2024,2025-11-26
ST0683,Student_0683,Male,ECE,9.24,89.42,53.16,72.13,0,No,4.0,2,6.0,9.0,44.83,Placed,10.23,2024,2024-05-22
ST0191,Student_0191,Male,Civil,7.94,68.92,86.78,78.28,2,Yes,2.0,3,9.0,3.0,47.33,Placed,12.34,2023,2023-05-22
ST0836,Student_0836,Female,Civil,7.24,77.5,80.78,83.52,0,No,1.0,6,4.0,4.0,75.81,Placed,7.78,2026,2024-09-13
ST1174,Student_1174,Male,Civil,6.47,75.78,67.87,86.38,3,No,0.0,3,1.0,6.0,73.14,Not placed,1.5,2026,2025-05-22
ST0648,Student_0648,Male,ECE,7.26,93.21,73.71,95.28,1,Unknown,0.0,5,1.0,9.0,68.66,Placed,11.19,2026,2024-04-26
ST1165,Student_1165,Male,CSE,6.29,73.85,65.22,79.65,3,No,1.0,5,9.0,4.0,52.76,Placed,12.1,2023,2025-05-15
ST0482,Student_0482,Female,IT,6.36,74.39,74.38,84.31,1,Yes,1.0,5,4.0,7.0,47.32,Placed,9.38,2024,2023-12-24
ST0065,Student_0065,Male,CSE,7.69,54.35,69.87,94.47,0,No,4.0,2,10.0,3.0,98.17,Placed,8.79,2026,2023-02-17
ST1725,Student_1725,Unknown,IT,7.13,66.24,61.38,82.19,0,Yes,4.0,5,4.0,6.0,81.39,Placed,7.66,2023,2026-07-06
ST0449,Student_0449,Male,Civil,7.78,77.95,90.51,80.86,3,No,2.0,1,,4.0,65.25,Placed,11.52,2025,2023-11-30
ST1070,Student_1070,Male,CSE,7.94,66.52,86.54,84.45,0,Yes,1.0,4,2.0,6.0,39.22,Placed,13.04,2025,2025-03-06
ST1621,Student_1621,Male,ECE,6.91,65.27,62.93,86.59,3,No,1.0,4,8.0,7.0,54.23,Placed,11.12,2026,2026-04-19
ST1744,Student_1744,Male,ECE,6.02,100.0,87.02,,0,Yes,5.0,0,9.0,7.0,62.3,Placed,7.59,2023,2026-07-20
ST0383,Student_0383,Female,ECE,8.05,79.95,78.29,77.9,0,No,2.0,3,4.0,4.0,52.66,Placed,9.89,2025,2023-10-12
ST0159,Student_0159,Male,IT,6.9,86.4,48.07,77.66,0,No,5.0,3,10.0,6.0,70.0,Placed,7.84,2025,2023-04-28
ST0217,Student_0217,Female,CSE,7.02,78.88,66.39,94.19,0,No,4.0,5,1.0,4.0,64.9,Unknown,8.55,2025,2023-06-10
ST0560,Student_0560,Female,ECE,8.11,75.01,69.53,74.79,0,Yes,4.0,0,3.0,5.0,58.87,Placed,8.99,2023,2024-02-20
ST0400,Student_0400,Male,Mechanical,6.37,70.98,56.99,65.15,0,Yes,4.0,1,7.0,8.0,74.44,Placed,9.92,2024,2023-10-24
ST0994,Student_0994,Female,CSE,7.14,89.14,45.58,69.84,0,No,2.0,2,1.0,1.0,62.19,Not placed,0.0,2023,2025-01-08
ST0012,Student_0012,Male,CSE,7.55,87.3,62.08,79.6,3,No,4.0,6,8.0,2.0,64.77,Placed,11.16,2026,2023-01-09
ST0013,Student_0013,Male,ECE,,69.03,73.22,87.95,0,No,2.0,1,2.0,5.0,81.02,Placed,9.34,2025,2023-01-09
ST1070,Student_1070,Male,CSE,7.94,66.52,86.54,83.45,0,Yes,1.0,4,2.0,6.0,39.22,Placed,13.04,2025,2025-03-06
ST0471,Student_0471,Male,Civil,5.62,79.87,66.93,79.67,4,Yes,4.0,0,2.0,10.0,58.96,Placed,9.82,2025,2023-12-16
ST1433,Student_1433,Female,ECE,5.31,75.62,79.03,82.57,0,No,4.0,3,8.0,10.0,,Placed,9.18,2025,2025-12-01
ST0670,Student_0670,Male,IT,7.8,88.1,57.23,80.8,0,Yes,3.0,0,6.0,10.0,41.54,Placed,7.62,2025,2024-05-12
ST1526,Student_1526,Male,Civil,7.86,88.99,93.02,73.1,0,No,5.0,3,4.0,10.0,81.8,Placed,11.65,2024,2026-02-08
ST0356,Student_0356,Male,IT,8.36,77.03,69.34,84.75,1,Yes,3.0,6,6.0,8.0,67.57,Placed,10.13,2026,2023-09-22
ST1065,Student_1065,Female,ECE,5.96,68.43,70.8,79.04,0,Yes,,6,3.0,3.0,66.78,Not placed,0.0,2026,2025-03-02
ST0787,Student_0787,Male,Civil,7.32,98.88,91.62,78.12,2,No,3.0,1,7.0,3.0,42.38,Not placed,0.0,2024,2024-08-07
ST0595,Student_0595,Female,ECE,9.46,86.8,67.59,76.67,0,Yes,5.0,1,3.0,10.0,68.68,Placed,10.83,2026,2024-03-17
ST1736,Student_1736,Female,ECE,6.77,60.64,63.53,86.73,1,No,3.0,4,8.0,3.0,62.86,Placed,9.51,2023,2026-07-14
ST0729,Student_0729,Male,CSE,8.68,77.46,65.32,76.77,0,Yes,5.0,1,4.0,1.0,56.77,Placed,9.4,2024,2024-06-25
ST0525,Student_0525,Female,Civil,6.84,87.68,68.75,74.62,0,No,2.0,2,1.0,2.0,52.48,Placed,6.36,2026,2024-01-25
ST0869,Student_0869,Male,IT,7.83,54.5,53.58,86.76,0,No,2.0,6,5.0,,47.95,Placed,11.34,2025,2024-10-07
ST0702,Student_0702,Female,IT,6.58,69.61,44.2,61.52,0,No,2.0,1,9.0,4.0,80.56,Placed,10.26,2026,2024-06-05
ST1369,Student_1369,Male,CSE,7.32,81.96,63.35,69.42,2,No,3.0,5,9.0,9.0,71.87,Placed,10.4,2024,2025-10-14
ST0433,Student_0433,Male,CSE,6.57,77.77,59.24,72.2,1,Yes,2.0,3,2.0,4.0,71.82,Placed,11.29,2023,2023-11-18
ST0288,Student_0288,Male,CSE,7.84,70.18,75.14,,0,Yes,3.0,4,2.0,5.0,50.05,Placed,9.75,2023,2023-08-02
ST0235,Student_0235,Female,ECE,6.87,70.67,88.05,94.68,2,Yes,,4,2.0,2.0,81.71,Placed,9.53,2024,2023-06-24
ST0107,Student_0107,Female,ECE,7.51,80.17,52.05,69.02,0,Yes,3.0,5,6.0,4.0,69.42,Placed,9.25,2025,2023-03-20
ST0352,Student_0352,Male,IT,9.22,59.88,76.52,77.61,4,No,4.0,3,2.0,9.0,56.09,Not placed,0.0,2025,2023-09-19
ST1398,Student_1398,Male,CSE,9.57,77.18,79.87,77.0,0,No,,1,4.0,2.0,68.84,Placed,15.75,2024,2025-11-05
ST0730,Student_0730,Female,IT,7.69,66.98,74.37,82.69,0,No,3.0,1,2.0,5.0,57.7,Placed,8.27,2026,2024-06-26
ST0618,Student_0618,Female,Civil,6.35,74.43,87.0,96.65,0,Yes,2.0,0,6.0,10.0,41.59,Placed,9.58,2024,2024-04-03
ST1549,Student_1549,Male,CSE,8.69,70.18,72.09,69.34,2,Yes,2.0,6,3.0,7.0,61.09,Placed,9.63,2026,2026-02-25
ST0826,Student_0826,Female,CSE,9.25,77.95,57.57,89.56,0,No,3.0,1,5.0,8.0,92.34,Placed,11.56,2025,2024-09-05
ST1368,Student_1368,Female,Mechanical,7.45,82.59,72.3,83.04,3,No,5.0,5,8.0,4.0,71.37,Not placed,0.0,2023,2025-10-13
ST1000,Student_1000,Male,Mechanical,7.09,73.57,92.62,75.54,0,Yes,2.0,2,3.0,5.0,74.92,Not placed,0.0,2025,2025-01-13
ST0036,Student_0036,Male,CSE,6.48,78.63,69.49,62.79,0,Yes,0.0,0,4.0,8.0,40.85,Not placed,0.0,2023,2023-01-27
ST0772,Student_0772,Male,Civil,7.08,60.55,59.69,75.2,0,No,3.0,0,6.0,8.0,35.44,Not placed,0.0,2023,2024-07-27
ST0761,Student_0761,Female,ECE,7.64,74.17,74.19,79.12,1,Yes,2.0,0,7.0,8.0,59.24,Not placed,0.0,2026,2024-07-19
ST0857,Student_0857,Male,Civil,7.38,82.31,88.74,96.3,1,Yes,1.0,0,6.0,5.0,91.27,Not placed,0.0,2024,2024-09-28
ST1542,Student_1542,Male,ECE,8.37,78.82,75.6,74.79,0,Yes,3.0,5,4.0,10.0,78.43,Placed,10.21,2024,
ST1168,Student_1168,Female,CSE,6.55,63.78,60.62,67.0,0,No,2.0,1,2.0,2.0,52.94,Placed,7.06,2025,2025-05-17
ST1408,Student_1408,Male,ECE,6.69,66.98,66.28,100.0,0,Yes,3.0,1,9.0,5.0,54.97,Not placed,9.99,2025,
ST0741,Student_0741,Male,ECE,6.86,81.52,73.41,65.23,1,No,3.0,6,8.0,2.0,61.34,Placed,9.16,2024,2024-07-04
ST0157,Student_0157,Male,Mechanical,8.28,83.6,64.89,75.0,0,No,4.0,6,3.0,7.0,42.46,Placed,9.4,2025,2023-04-27
ST1175,Student_1175,Male,Civil,8.6,79.0,68.96,97.44,1,Yes,1.0,3,10.0,4.0,55.13,Placed,9.96,2024,2025-05-23
ST1156,Student_1156,Male,ECE,9.0,98.25,64.04,83.27,0,Yes,4.0,2,9.0,7.0,59.03,Placed,12.99,2024,2025-05-09
ST1720,Student_1720,Male,IT,6.07,84.39,70.2,63.24,2,Yes,5.0,2,5.0,6.0,20.36,Not placed,0.0,2026,2026-07-02
ST0600,Student_0600,Female,Civil,7.01,69.49,74.22,82.81,0,No,3.0,0,2.0,3.0,69.55,Not placed,0.0,2023,2024-03-21
ST0845,Student_0845,Male,IT,8.41,51.8,74.75,78.16,2,Yes,5.0,6,6.0,2.0,,Placed,12.82,2026,2024-09-19
ST1694,Student_1694,Male,ECE,7.68,79.77,84.32,64.7,0,No,2.0,3,8.0,9.0,84.88,Placed,12.67,2025,2026-06-13
ST0377,Student_0377,Female,CSE,10.0,68.7,98.72,80.86,0,Yes,1.0,5,7.0,9.0,57.28,Placed,11.86,2024,2023-10-07
ST0321,Student_0321,Female,Civil,6.58,85.75,88.15,100.0,1,Yes,5.0,2,1.0,2.0,72.7,Placed,9.5,2023,2023-08-26
ST0895,Student_0895,Female,CSE,5.63,,65.8,86.13,0,No,2.0,3,2.0,5.0,86.03,Placed,8.51,2025,2024-10-26
ST0214,Student_0214,Male,ECE,6.97,78.12,56.01,85.99,0,No,0.0,1,2.0,4.0,87.21,Placed,7.82,2024,2023-06-08
ST0011,Student_0011,Male,ECE,7.66,78.79,76.72,86.1,1,Yes,3.0,6,10.0,1.0,64.67,Placed,8.92,2023,2023-01-08
ST0786,Student_0786,Male,Civil,9.35,74.62,65.26,87.69,2,No,2.0,2,7.0,6.0,67.83,Placed,,2024,2024-08-06
ST0277,Student_0277,Male,Mechanical,6.2,79.94,69.47,84.28,1,No,3.0,5,3.0,10.0,39.29,Placed,60.0,2026,2023-07-25
ST1100,Student_1100,Male,CSE,7.46,75.15,68.21,73.16,0,Yes,4.0,5,1.0,2.0,67.51,Not placed,0.0,2023,2025-03-28
ST1721,Student_1721,Female,Mechanical,,73.24,67.96,71.93,0,Yes,3.0,4,6.0,3.0,84.84,Placed,8.35,2026,2026-07-03
ST0685,Student_0685,Male,Civil,9.33,75.56,77.01,74.93,1,Yes,3.0,3,10.0,5.0,58.5,Placed,12.04,2024,2024-05-23
ST1197,Student_1197,Female,ECE,7.5,72.26,73.23,,0,Yes,0.0,3,7.0,10.0,70.66,Placed,9.83,2023,2025-06-08
ST0108,Student_0108,Female,Mechanical,6.55,72.78,88.89,76.38,0,Yes,3.0,6,8.0,2.0,93.35,Placed,8.42,2025,2023-03-21
ST1494,Student_1494,Female,CSE,7.55,74.09,100.0,88.81,0,Unknown,3.0,3,9.0,8.0,85.32,Not placed,0.0,2025,2026-01-15
ST0856,Student_0856,Male,Mechanical,6.54,71.94,74.14,5.0,1,No,3.0,4,8.0,5.0,54.96,Placed,8.48,2025,2024-09-27
ST1339,Student_1339,Unknown,CSE,7.05,61.64,90.66,80.45,0,No,0.0,1,5.0,10.0,78.6,Not placed,0.0,2023,2025-09-22
ST1799,Student_1799,Male,Mechanical,6.32,76.36,56.66,,0,Yes,0.0,2,5.0,6.0,78.11,Not placed,0.0,2024,2026-08-30
ST1741,Student_1741,Female,CSE,6.11,99.97,83.43,94.96,1,Yes,,1,6.0,9.0,65.59,Placed,6.18,2024,2026-07-18
ST1254,Student_1254,Female,Mechanical,8.53,78.68,65.61,68.35,1,No,2.0,0,1.0,4.0,70.48,Placed,12.33,2024,2025-07-20
ST0249,Student_0249,Male,Civil,7.09,93.13,75.64,77.72,0,No,3.0,0,2.0,4.0,58.6,Not placed,0.0,2023,2023-07-04
ST1370,Student_1370,Female,ECE,7.14,77.79,57.52,,0,No,0.0,2,7.0,2.0,82.48,Placed,8.16,2026,2025-10-15
ST1371,Student_1371,Male,CSE,8.68,72.91,70.58,78.83,0,Yes,5.0,4,10.0,1.0,59.17,Placed,9.89,2026,2025-10-15
ST1478,Student_1478,Female,Mechanical,8.58,86.5,89.39,89.8,0,Yes,4.0,3,2.0,3.0,32.27,Placed,13.33,2023,2026-01-03
ST1119,Student_1119,Male,CSE,7.73,86.22,100.0,82.47,0,Yes,0.0,4,6.0,9.0,55.13,Placed,10.01,2025,2025-04-11
ST1570,Student_1570,Female,ECE,7.28,90.99,85.34,75.0,0,Yes,3.0,3,6.0,2.0,98.42,Placed,9.13,2025,2026-03-12
ST0641,Student_0641,Female,Mechanical,7.29,69.04,70.15,74.57,4,No,1.0,3,8.0,9.0,56.47,Placed,9.8,2026,2024-04-20
ST1670,Student_1670,Female,Civil,6.48,79.59,88.02,75.42,0,No,3.0,3,2.0,8.0,92.58,Placed,11.76,2025,2026-05-26
ST0476,Student_0476,Female,Civil,7.32,83.47,90.4,85.7,0,No,4.0,5,1.0,,94.53,Not placed,0.0,2024,2023-12-20
ST0064,Student_0064,Male,IT,6.14,82.51,74.53,78.98,0,Yes,4.0,1,10.0,7.0,65.63,Placed,10.5,2025,2023-02-16
ST1524,Student_1524,Male,IT,6.67,63.92,83.63,76.65,0,No,1.0,6,9.0,8.0,87.11,Not placed,0.0,2025,2026-02-06
ST0839,Student_0839,Female,IT,5.68,85.29,75.4,96.26,0,No,2.0,0,3.0,3.0,34.29,Not placed,0.0,2024,2024-09-15
ST1643,Student_1643,Male,Mechanical,6.72,71.56,68.67,86.31,1,No,4.0,5,1.0,1.0,82.47,Placed,10.01,2024,2026-05-06
ST0537,Student_0537,Female,IT,8.35,83.5,73.81,91.64,0,No,3.0,5,7.0,6.0,61.38,Placed,12.12,2025,2024-02-03
ST1504,Student_1504,Male,IT,8.24,71.55,80.99,68.2,0,Yes,,4,3.0,5.0,75.12,Placed,13.8,2026,2026-01-22
ST1431,Student_1431,Male,CSE,7.73,74.54,75.99,84.6,0,Yes,3.0,6,8.0,7.0,35.51,Placed,13.99,2025,2025-11-29
ST0706,Student_0706,Male,ECE,7.2,45.86,69.41,87.88,0,Yes,2.0,5,1.0,8.0,81.95,Placed,10.23,2025,2024-06-08
ST0619,Student_0619,Male,CSE,7.89,79.11,60.14,82.64,2,No,1.0,4,5.0,10.0,81.68,Placed,9.92,2024,2024-04-04
ST1688,Student_1688,Male,ECE,7.38,71.74,62.97,82.69,0,Yes,4.0,3,3.0,8.0,38.68,Not placed,0.0,2026,2026-06-08
ST0603,Student_0603,Female,CSE,8.06,80.01,68.12,82.81,1,No,4.0,2,4.0,6.0,59.99,Not placed,0.0,2024,2024-03-23
ST0665,Student_0665,Male,Mechanical,7.47,74.92,63.07,81.08,0,Yes,3.0,3,7.0,7.0,44.6,Not placed,0.0,2026,2024-05-08
ST0811,Student_0811,Male,CSE,8.5,80.19,76.08,80.9,0,Yes,4.0,1,3.0,3.0,56.31,Placed,12.64,2026,2024-08-25
ST0404,Student_0404,Male,ECE,6.58,76.99,73.38,93.6,0,Yes,2.0,4,6.0,8.0,23.63,Placed,9.66,2026,2023-10-27
ST0239,Student_0239,Male,IT,6.38,84.86,76.72,86.94,3,Yes,9.0,2,5.0,10.0,69.24,Placed,9.46,2025,2023-06-27
ST1088,Student_1088,Female,IT,6.98,95.42,56.71,87.27,2,Yes,1.0,3,6.0,10.0,65.45,Placed,9.69,2025,2025-03-19
ST1106,Student_1106,Female,Mechanical,7.69,98.94,60.06,68.32,0,No,3.0,2,7.0,10.0,70.94,Not placed,0.0,2025,2025-04-01
ST0319,Student_0319,Male,ECE,6.72,79.93,58.2,73.49,1,Yes,2.0,2,,4.0,51.71,Not placed,0.0,2024,2023-08-25
ST1403,Student_1403,Male,ECE,7.4,77.56,79.52,80.22,0,Yes,3.0,5,5.0,2.0,65.2,Not placed,0.0,2026,2025-11-08
ST0573,Student_0573,Male,Civil,9.51,59.16,83.55,75.19,2,Yes,5.0,3,4.0,3.0,74.78,Placed,13.62,2024,2024-03-01
ST0171,Student_0171,Female,CSE,8.55,60.0,72.23,88.92,4,No,4.0,2,5.0,2.0,62.12,Placed,8.88,2025,2023-05-07
ST1302,Student_1302,Female,CSE,8.85,80.06,67.15,73.94,0,Yes,4.0,2,1.0,6.0,65.67,Not placed,0.0,2023,2025-08-25
ST1537,Student_1537,Male,IT,8.23,77.94,82.61,71.03,2,Yes,4.0,4,8.0,4.0,77.24,Not placed,0.0,2023,2026-02-16
ST0577,Student_0577,Male,Mechanical,7.64,81.9,64.08,79.62,0,No,4.0,1,6.0,8.0,66.3,Not placed,0.0,2026,2024-03-04
ST0551,Student_0551,Male,IT,8.18,63.05,74.25,73.03,0,No,5.0,2,5.0,4.0,42.18,Placed,12.32,2024,2024-02-14
ST0957,Student_0957,Female,Mechanical,7.44,67.28,67.33,84.17,1,Yes,3.0,6,10.0,10.0,71.99,Placed,8.42,2026,2024-12-12
ST0374,Student_0374,Female,CSE,6.89,82.03,76.85,68.26,0,Yes,1.0,2,9.0,6.0,52.51,Placed,,2024,2023-10-05
ST0094,Student_0094,Female,ECE,7.32,82.84,86.17,72.68,4,Yes,1.0,5,9.0,3.0,63.88,Placed,10.84,2023,2023-03-11
ST1764,Student_1764,Male,ECE,5.59,64.53,73.02,84.1,0,No,1.0,2,4.0,9.0,53.82,Not placed,10.7,2026,2026-08-04
ST0638,Student_0638,Male,ECE,7.95,62.71,47.68,87.23,0,Yes,0.0,4,9.0,5.0,88.19,Not placed,0.0,2026,
ST1273,Student_1273,Male,CSE,7.7,76.49,80.86,84.97,3,Yes,4.0,6,8.0,,,Placed,11.14,2026,2025-08-04
ST0963,Student_0963,Female,CSE,7.41,69.31,70.38,78.87,0,No,4.0,5,5.0,9.0,83.69,Placed,,2024,2024-12-16
ST0300,Student_0300,Female,CSE,7.17,75.09,66.54,68.5,0,Yes,0.0,5,3.0,9.0,67.26,Placed,10.05,2023,2023-08-11
ST0914,Student_0914,Female,CSE,7.72,73.58,65.64,66.88,0,Yes,5.0,3,3.0,6.0,76.24,Placed,12.62,2026,2024-11-10
ST1327,Student_1327,Male,IT,8.59,70.88,70.03,82.08,1,No,4.0,2,2.0,2.0,89.8,Placed,13.5,2025,2025-09-13
ST0889,Student_0889,Female,CSE,,81.28,57.17,74.5,0,No,3.0,4,2.0,3.0,79.23,Not placed,0.0,2025,2024-10-22
ST0494,Student_0494,Female,ECE,8.91,84.46,93.68,70.49,0,Yes,2.0,4,1.0,6.0,60.4,Not placed,8.08,2024,2024-01-02
ST0828,Student_0828,Female,Civil,7.26,87.81,85.23,71.1,3,No,0.0,3,8.0,4.0,72.85,Placed,10.0,2024,2024-09-07
ST1592,Student_1592,Male,CSE,9.2,68.38,71.71,65.78,0,Yes,1.0,3,2.0,5.0,63.79,Placed,10.3,2024,2026-03-29
ST0005,Student_0005,Male,IT,7.15,75.6,66.69,74.71,0,No,3.0,4,9.0,5.0,58.36,Placed,12.9,2024,2023-01-03
ST0763,Student_0763,Male,Civil,8.27,84.51,83.54,88.05,0,No,1.0,1,2.0,10.0,62.55,Unknown,0.0,2025,2024-07-20
ST0601,Student_0601,Male,ECE,8.73,76.68,87.5,77.27,0,Yes,1.0,0,3.0,2.0,55.47,Placed,11.47,2024,2024-03-22
ST0565,Student_0565,Female,Civil,7.83,83.57,59.9,80.42,1,No,5.0,1,3.0,8.0,37.87,Not placed,0.0,2023,2024-02-24
ST0489,Student_0489,Male,Civil,7.96,71.49,70.08,100.0,1,No,5.0,3,2.0,10.0,52.95,Placed,10.14,2023,2023-12-29
ST1536,Student_1536,Female,IT,6.24,74.79,65.78,76.33,4,No,1.0,0,4.0,6.0,78.39,Not placed,0.0,2025,2026-02-15
ST0545,Student_0545,Male,Civil,6.49,83.46,68.56,59.28,2,Yes,3.0,6,2.0,8.0,80.47,Placed,10.79,2025,2024-02-09
ST0218,Student_0218,Male,Civil,,74.05,85.83,83.93,0,No,4.0,0,5.0,4.0,64.64,Placed,7.97,2026,2023-06-11
ST0623,Student_0623,Male,IT,7.03,83.73,58.11,74.96,0,No,2.0,4,1.0,4.0,86.74,Placed,10.12,2025,2024-04-07
ST0961,Student_0961,Male,Mechanical,5.68,66.78,78.2,92.67,0,No,3.0,6,4.0,20.0,67.91,Placed,8.57,2026,2024-12-14
ST0884,Student_0884,Female,ECE,6.1,66.96,97.16,82.61,2,No,3.0,2,8.0,2.0,40.82,Not placed,0.0,2023,2024-10-18
ST1584,Student_1584,Female,CSE,5.37,77.59,51.59,76.76,0,Yes,4.0,1,2.0,5.0,64.91,Placed,8.03,2026,
ST0220,Student_0220,Male,CSE,7.11,77.44,56.56,93.92,0,No,2.0,3,7.0,9.0,89.48,Not placed,0.0,2025,2023-06-12
ST0765,Student_0765,Male,Civil,8.01,73.09,61.71,,0,No,2.0,0,10.0,5.0,64.43,Placed,11.45,2024,2024-07-22
ST0138,Student_0138,Male,Mechanical,7.82,77.97,65.33,,3,No,5.0,4,9.0,1.0,56.76,Placed,10.7,2025,2023-04-12
ST0070,Student_0070,Female,IT,7.99,78.61,65.86,82.55,0,Yes,1.0,3,7.0,5.0,49.83,Not placed,13.79,2023,2023-02-21
ST1786,Student_1786,Female,CSE,7.41,70.74,78.15,64.63,1,Yes,3.0,6,9.0,9.0,50.47,Placed,8.87,2024,2026-08-20
ST1006,Student_1006,Male,CSE,7.94,80.43,78.61,87.1,0,Yes,3.0,1,6.0,9.0,64.16,Placed,11.16,2024,2025-01-17
ST1071,Student_1071,Male,CSE,7.69,70.76,62.56,76.16,0,No,2.0,3,1.0,2.0,67.66,Not placed,0.0,2026,2025-03-06
ST1256,Student_1256,Female,CSE,6.94,55.45,66.89,82.25,1,No,2.0,0,2.0,9.0,51.9,Not placed,0.0,2024,
ST0498,Student_0498,Female,CSE,8.2,66.56,77.33,80.6,4,Yes,4.0,5,5.0,5.0,71.06,Placed,9.06,2023,2024-01-05
ST1375,Student_1375,Male,Civil,7.0,72.43,79.97,75.76,4,Yes,1.0,0,9.0,4.0,67.09,Placed,12.86,2025,2025-10-18
ST0891,Student_0891,Male,CSE,8.7,73.42,46.84,82.87,1,Yes,0.0,3,2.0,10.0,57.63,Placed,11.51,2024,2024-10-23
ST0922,Student_0922,Male,CSE,6.79,100.0,69.21,84.54,0,Yes,4.0,6,5.0,7.0,68.63,Placed,9.84,2025,2024-11-15
ST1419,Student_1419,Male,IT,6.39,55.01,88.03,83.33,0,Yes,5.0,1,10.0,9.0,79.32,Placed,10.07,2024,2025-11-20
ST0437,Student_0437,Female,CSE,6.5,69.74,85.5,90.3,0,Yes,0.0,5,5.0,3.0,63.22,Not placed,0.0,2026,2023-11-21
ST0566,Student_0566,Female,CSE,8.93,91.77,80.47,100.0,0,No,2.0,6,5.0,7.0,62.91,Placed,11.4,2025,2024-02-25
ST1489,Student_1489,Male,Mechanical,,69.3,60.74,78.06,0,No,5.0,3,5.0,10.0,60.68,Not placed,0.0,2025,2026-01-11
ST0882,Student_0882,Female,Civil,8.83,55.86,83.59,90.06,1,No,2.0,6,9.0,1.0,58.11,Not placed,0.0,2026,2024-10-17
ST0456,Student_0456,Male,Civil,6.87,70.96,64.76,71.59,1,Yes,0.0,0,6.0,9.0,100.0,Placed,11.09,2024,2023-12-05
ST0934,Student_0934,Male,Mechanical,6.97,61.49,43.22,68.95,2,Yes,5.0,1,4.0,7.0,100.0,Placed,10.25,2023,2024-11-24
ST1366,Student_1366,Female,ECE,,73.31,54.12,100.0,3,No,3.0,5,7.0,6.0,63.96,Not placed,0.0,2026,2025-10-12
ST1205,Student_1205,Male,Mechanical,8.9,59.18,82.67,64.31,0,No,3.0,3,9.0,4.0,31.93,Placed,13.13,2024,2025-06-14
ST0517,Student_0517,Female,CSE,7.13,66.22,78.91,73.71,1,No,2.0,6,1.0,2.0,49.61,Placed,8.57,2023,2024-01-19
ST1226,Student_1226,Female,ECE,7.33,74.89,53.7,,0,No,2.0,4,8.0,9.0,52.19,Placed,8.42,2026,2025-06-30
ST1023,Student_1023,Female,ECE,4.59,82.9,70.09,85.27,0,Yes,1.0,5,6.0,4.0,67.25,Placed,6.76,2024,2025-01-30
ST1684,Student_1684,Male,IT,7.6,75.93,77.4,85.33,3,Yes,4.0,0,4.0,4.0,71.62,Not placed,,2023,
ST0327,Student_0327,Unknown,IT,6.92,66.64,73.82,67.94,0,No,1.0,2,9.0,1.0,64.75,Placed,7.1,2023,2023-08-31
ST0066,Student_0066,Female,Unknown,6.84,75.28,71.83,73.39,0,No,0.0,1,10.0,3.0,82.02,Placed,8.67,2023,2023-02-18
ST0824,Student_0824,Male,CSE,9.02,70.93,64.78,87.7,0,Yes,2.0,6,3.0,8.0,81.68,Placed,11.66,2024,2024-09-04
ST1666,Student_1666,Female,CSE,7.17,57.57,52.81,64.7,1,No,2.0,0,3.0,9.0,60.67,Placed,10.38,2025,
ST1194,Student_1194,Female,ECE,7.76,74.3,65.11,83.2,1,Yes,2.0,6,7.0,6.0,50.27,Placed,11.22,2026,2025-06-06
ST1609,Student_1609,Female,Mechanical,,62.68,73.2,73.89,0,Yes,3.0,5,6.0,9.0,63.96,Placed,10.96,2026,2026-04-10
ST0736,Student_0736,Male,CSE,7.19,73.42,81.9,78.05,1,Yes,0.0,2,9.0,5.0,60.07,Placed,11.25,2023,2024-06-30
ST0880,Student_0880,Male,Mechanical,7.03,70.81,75.24,79.59,0,No,3.0,0,7.0,4.0,71.01,Placed,11.72,2026,2024-10-15
ST0791,Student_0791,Female,CSE,6.78,85.07,69.17,59.9,0,No,3.0,2,9.0,10.0,35.36,Placed,8.76,2023,2024-08-10
ST1395,Student_1395,Male,CSE,6.92,76.98,87.76,68.81,0,No,2.0,3,6.0,9.0,66.99,Placed,8.12,2025,2025-11-02
ST1034,Student_1034,Female,ECE,6.81,78.09,91.34,82.08,0,No,,5,3.0,8.0,75.31,Placed,10.68,2025,2025-02-07
ST1623,Student_1623,Female,CSE,8.75,73.27,67.47,89.95,0,Yes,1.0,4,9.0,6.0,80.8,Not placed,0.0,2023,2026-04-21
ST1563,Student_1563,Female,ECE,8.72,71.21,66.11,68.43,0,Yes,2.0,6,10.0,3.0,44.41,Placed,12.08,2026,2026-03-07
ST1203,Student_1203,Female,CSE,9.09,78.93,75.72,82.93,0,Yes,3.0,0,7.0,7.0,31.41,Placed,10.91,2024,2025-06-12
ST1359,Student_1359,Female,IT,6.58,68.95,73.58,79.32,0,Yes,2.0,4,,2.0,61.64,Placed,13.31,2025,2025-10-07
ST1785,Student_1785,Male,IT,6.0,78.95,60.05,78.7,0,No,3.0,3,1.0,4.0,49.95,Placed,10.17,2025,2026-08-19
ST1188,Student_1188,Male,ECE,6.52,69.11,100.0,81.46,0,No,3.0,4,7.0,6.0,88.84,Placed,8.26,2023,2025-06-01
ST0924,Student_0924,Male,Mechanical,6.72,76.49,76.72,73.75,0,Yes,3.0,4,10.0,10.0,68.37,Placed,8.91,2025,2024-11-17
ST1800,Student_1800,Male,Mechanical,7.67,74.47,50.46,86.07,0,No,3.0,4,8.0,5.0,76.03,Placed,8.16,2025,2026-08-31
ST1556,Student_1556,Male,CSE,6.65,82.45,61.38,75.96,4,Yes,5.0,5,10.0,7.0,54.54,Placed,9.09,2024,2026-03-02
ST1242,Student_1242,Female,ECE,6.3,62.26,72.43,95.69,4,No,3.0,2,6.0,1.0,51.37,Not placed,0.0,2026,2025-07-11
ST0177,Student_0177,Male,IT,8.11,72.06,71.06,95.76,3,No,4.0,2,10.0,2.0,66.77,Not placed,0.0,2024,2023-05-11
ST0888,Student_0888,Female,ECE,4.67,66.26,99.02,80.93,0,No,2.0,5,6.0,8.0,48.31,Not placed,0.0,2024,2024-10-21
ST1682,Student_1682,Female,Civil,7.92,92.67,74.07,70.76,0,Yes,2.0,5,4.0,7.0,68.7,Placed,12.13,2026,2026-06-04
ST1705,Student_1705,Male,CSE,6.53,67.17,68.04,91.77,2,No,1.0,4,6.0,4.0,67.38,Not placed,0.0,2026,2026-06-21
ST1118,Student_1118,Male,Civil,,74.78,78.24,77.79,0,Yes,4.0,1,8.0,2.0,67.89,Not placed,0.0,2023,2025-04-10
ST0973,Student_0973,Male,ECE,9.15,64.73,48.58,98.95,0,No,2.0,1,1.0,4.0,56.5,Not placed,,2024,2024-12-23
ST0309,Student_0309,Female,CSE,7.06,89.53,82.02,77.24,1,Yes,4.0,1,9.0,1.0,56.07,Placed,10.14,2023,2023-08-18
ST1349,Student_1349,Female,ECE,8.65,67.24,79.15,85.67,0,No,4.0,3,5.0,3.0,79.44,Placed,10.99,2024,2025-09-29
ST0547,Student_0547,Male,ECE,7.85,70.39,83.01,79.17,0,Yes,2.0,4,8.0,2.0,48.23,Placed,10.29,2023,2024-02-11
ST1642,Student_1642,Male,Mechanical,7.0,69.67,73.64,80.45,1,No,0.0,3,8.0,4.0,74.11,Placed,9.73,2023,2026-05-05
ST1135,Student_1135,Male,ECE,8.17,82.44,72.87,76.75,4,No,3.0,0,3.0,6.0,60.98,Not placed,0.0,2023,2025-04-23
ST1795,Student_1795,Female,Civil,7.24,70.52,72.2,65.54,0,Yes,1.0,4,5.0,8.0,69.29,Placed,10.84,2023,2026-08-27
ST1546,Student_1546,Female,IT,7.57,91.37,65.26,95.43,2,Yes,2.0,3,7.0,2.0,78.66,Placed,8.74,2025,2026-02-23
ST1734,Student_1734,Female,CSE,7.28,60.21,60.33,72.34,0,No,2.0,0,6.0,10.0,57.99,Placed,8.68,2024,2026-07-12
ST1145,Student_1145,Female,Civil,6.58,77.01,58.18,76.58,0,No,3.0,2,5.0,1.0,44.23,Not placed,0.0,2024,2025-04-30
ST1167,Student_1167,Male,CSE,9.18,83.89,65.08,100.0,0,Yes,0.0,1,5.0,1.0,61.68,Placed,13.09,2026,2025-05-17
ST0396,Student_0396,Female,CSE,7.98,85.36,64.44,86.01,1,Yes,5.0,0,2.0,8.0,63.43,Not placed,0.0,2023,2023-10-21
ST1320,Student_1320,Male,CSE,7.09,79.24,60.32,86.69,0,Yes,5.0,0,5.0,6.0,60.89,Placed,8.61,2025,2025-09-08
ST1401,Student_1401,Male,Mechanical,9.0,69.61,72.18,76.34,1,Yes,1.0,2,2.0,5.0,75.15,Not placed,0.0,2026,2025-11-07
ST0872,Student_0872,Female,Mechanical,6.64,74.43,73.64,91.65,2,Yes,4.0,4,5.0,8.0,64.64,Placed,7.72,2024,2024-10-09
ST1253,Student_1253,Female,Mechanical,7.71,72.99,69.95,91.84,3,No,3.0,5,8.0,1.0,80.72,Placed,12.84,2025,2025-07-20
ST0513,Student_0513,Male,CSE,6.65,80.52,87.66,65.58,0,No,2.0,1,5.0,7.0,76.93,Placed,9.19,2023,2024-01-16
ST1360,Student_1360,Male,IT,5.9,84.1,82.52,77.37,0,Yes,2.0,4,10.0,9.0,37.07,Placed,8.66,2023,2025-10-07
ST0816,Student_0816,Male,Civil,6.35,72.15,68.94,83.32,2,Yes,5.0,3,9.0,8.0,69.8,Placed,10.71,2023,2024-08-29
ST0457,Student_0457,Female,Civil,6.18,68.14,77.58,82.2,1,Yes,0.0,0,10.0,4.0,55.15,Placed,12.58,2024,2023-12-06
ST0687,Student_0687,Female,ECE,7.98,86.46,58.87,94.85,0,Yes,0.0,4,8.0,,68.83,Placed,7.56,2025,2024-05-25
ST1760,Student_1760,Male,ECE,8.35,73.32,81.89,88.92,0,Yes,3.0,3,4.0,1.0,82.94,Placed,12.04,2026,2026-08-01
ST1201,Student_1201,Male,Civil,8.41,79.36,64.39,75.49,3,Yes,2.0,3,10.0,7.0,65.84,Not placed,9.35,2026,2025-06-11
ST0232,Student_0232,Female,IT,6.15,79.8,96.16,87.13,1,Yes,2.0,3,7.0,7.0,67.14,Placed,0.0,2025,2023-06-21
ST0302,Student_0302,Male,CSE,6.48,88.56,68.33,87.45,4,Yes,0.0,4,7.0,4.0,74.54,Not placed,0.0,2025,2023-08-12
ST0735,Student_0735,Female,Civil,7.91,82.18,59.71,57.84,1,No,2.0,3,6.0,1.0,69.77,Not placed,0.0,2024,2024-06-29
ST0753,Student_0753,Female,CSE,6.89,89.71,63.25,88.07,0,No,5.0,3,9.0,2.0,57.94,Placed,10.45,2026,2024-07-13
ST1718,Student_1718,Male,CSE,7.04,90.68,67.68,70.09,0,Yes,4.0,5,8.0,4.0,64.5,Not placed,0.0,2026,2026-07-01
ST0668,Student_0668,Female,CSE,5.71,87.91,58.86,100.0,1,Yes,5.0,2,7.0,8.0,61.75,Placed,8.67,2023,2024-05-11
ST0451,Student_0451,Female,Civil,7.87,76.57,83.61,70.71,3,Yes,3.0,0,12.0,9.0,74.88,Placed,10.61,2024,2023-12-01
ST0602,Student_0602,Female,IT,9.19,84.45,58.06,85.85,0,No,2.0,3,6.0,6.0,53.75,Placed,11.89,2026,2024-03-22
ST0186,Student_0186,Male,IT,7.92,71.27,63.17,86.68,2,Yes,3.0,0,3.0,9.0,54.86,Placed,12.5,2024,
ST0750,Student_0750,Female,Mechanical,7.31,77.51,76.24,91.36,2,No,3.0,5,6.0,2.0,,Not placed,0.0,2023,2024-07-11
ST0460,Student_0460,Male,ECE,7.44,80.85,87.06,,4,No,3.0,3,4.0,7.0,70.3,Placed,11.13,2025,2023-12-08
ST0916,Student_0916,Female,Civil,5.45,80.31,92.78,71.49,0,Yes,2.0,3,3.0,1.0,61.78,Placed,7.03,2023,2024-11-11
ST0472,Student_0472,Female,CSE,8.12,85.72,60.93,74.96,0,No,3.0,1,8.0,4.0,57.39,Not placed,0.0,2024,
ST1365,Student_1365,Female,ECE,8.01,88.23,80.43,68.77,0,No,2.0,5,4.0,4.0,67.68,Placed,8.91,2026,2025-10-11
ST0069,Student_0069,Female,ECE,6.86,91.43,78.61,89.94,1,Unknown,3.0,6,4.0,3.0,79.35,Not placed,1.5,2023,2023-02-20
ST0398,Student_0398,Female,CSE,8.11,84.01,89.48,81.42,0,Yes,1.0,1,2.0,3.0,85.14,Not placed,0.0,2023,2023-10-23
ST1129,Student_1129,Female,CSE,8.69,73.61,66.2,80.68,0,Yes,1.0,5,3.0,9.0,72.39,Placed,,2023,2025-04-18
ST0522,Student_0522,Male,ECE,9.02,70.02,69.06,68.23,1,No,1.0,0,4.0,3.0,77.34,Placed,7.96,2025,2024-01-23
ST1207,Student_1207,Male,Civil,6.13,79.8,88.91,82.07,0,No,3.0,3,9.0,4.0,61.6,Placed,9.51,2024,2025-06-15
ST1645,Student_1645,Male,CSE,5.73,65.2,78.18,91.05,0,Yes,3.0,5,2.0,9.0,64.58,Placed,8.48,2024,2026-05-07
ST0167,Student_0167,Female,CSE,7.92,80.95,55.72,90.32,1,No,1.0,0,6.0,5.0,65.96,Placed,10.53,2023,2023-05-04
ST0991,Student_0991,Female,CSE,7.02,91.64,79.25,77.66,0,No,4.0,3,7.0,3.0,63.11,Placed,9.81,2026,2025-01-06
ST0660,Student_0660,Female,Unknown,7.68,64.2,81.3,89.47,2,No,2.0,0,8.0,2.0,60.4,Placed,10.68,2023,2024-05-05
ST1700,Student_1700,Female,CSE,7.98,78.67,55.87,80.2,0,No,3.0,0,10.0,5.0,47.01,Placed,12.02,2026,2026-06-17
ST0014,Student_0014,Male,IT,7.74,51.1,56.88,93.49,0,No,0.0,4,5.0,9.0,79.42,Placed,9.09,2024,2023-01-10
ST0224,Student_0224,Female,Mechanical,6.13,67.53,81.91,72.75,0,Yes,5.0,5,6.0,3.0,100.0,Placed,,2024,2023-06-15
ST0633,Student_0633,Male,Mechanical,8.4,66.04,67.36,87.91,0,No,4.0,0,4.0,7.0,80.58,Placed,7.73,2026,2024-04-15
ST1678,Student_1678,Male,ECE,5.53,71.21,80.69,61.57,1,Yes,0.0,0,7.0,3.0,100.0,Placed,9.74,2024,2026-06-01
ST1248,Student_1248,Female,IT,6.54,56.47,84.02,91.42,1,Yes,2.0,5,1.0,5.0,65.26,Placed,10.95,2024,2025-07-16
ST1263,Student_1263,Male,IT,7.43,80.56,83.4,80.63,0,Yes,2.0,4,7.0,8.0,54.54,Placed,8.37,2025,2025-07-27
ST0549,Student_0549,Female,Civil,7.6,61.06,59.7,83.59,0,No,4.0,4,1.0,5.0,81.71,Placed,10.17,2025,2024-02-12
ST0229,Student_0229,Male,IT,5.72,68.5,68.1,65.93,0,Yes,0.0,3,9.0,9.0,68.68,Placed,8.64,2024,2023-06-19
ST1605,Student_1605,Female,CSE,8.29,73.4,75.66,64.77,0,Yes,4.0,4,8.0,7.0,72.81,Not placed,0.0,2024,2026-04-07
ST0745,Student_0745,Male,CSE,7.47,83.23,52.87,68.76,1,No,3.0,0,8.0,6.0,73.05,Placed,11.6,2024,2024-07-07
ST0268,Student_0268,Female,ECE,6.5,59.34,59.61,76.8,0,No,5.0,6,9.0,6.0,91.66,Placed,7.9,2023,2023-07-18
ST1377,Student_1377,Female,Mechanical,7.82,73.71,51.72,87.34,0,No,0.0,1,7.0,2.0,55.75,Not placed,0.0,2023,2025-10-20
ST0846,Student_0846,Male,IT,7.61,82.83,85.72,77.9,1,No,3.0,6,3.0,2.0,77.14,Placed,9.3,2024,2024-09-20
ST1469,Student_1469,Female,IT,7.84,56.07,92.53,73.15,0,Yes,3.0,5,7.0,1.0,48.36,Not placed,0.0,2023,2025-12-27
ST0794,Student_0794,Female,CSE,7.44,71.96,81.88,96.41,1,No,3.0,2,9.0,7.0,55.76,Placed,13.59,2024,2024-08-12
ST1655,Student_1655,Female,CSE,7.96,86.68,70.26,78.3,0,Yes,1.0,0,8.0,5.0,66.38,Not placed,0.0,2024,2026-05-15
ST1154,Student_1154,Unknown,Civil,8.38,64.31,70.92,88.31,1,No,5.0,0,3.0,10.0,62.31,Placed,13.36,2023,2025-05-07
ST1619,Student_1619,Female,ECE,8.93,70.08,63.1,74.84,0,No,3.0,5,3.0,7.0,57.14,Not placed,0.0,2024,2026-04-18
ST0692,Student_0692,Female,Civil,8.35,92.26,63.96,89.67,0,Yes,5.0,4,7.0,,44.74,Placed,10.78,2024,2024-05-28
ST1422,Student_1422,Male,Mechanical,5.93,78.75,81.15,67.89,1,No,4.0,5,1.0,6.0,51.65,Placed,7.72,2023,2025-11-22
ST0068,Student_0068,Male,CSE,7.52,71.8,70.16,69.47,0,No,3.0,0,6.0,3.0,55.72,Placed,12.66,2026,2023-02-19
ST0989,Student_0989,Female,Mechanical,8.55,88.51,92.19,73.66,0,Yes,2.0,5,3.0,10.0,,Placed,12.08,2023,2025-01-04
ST0117,Student_0117,Male,CSE,6.6,82.01,100.0,61.27,0,Yes,3.0,6,1.0,3.0,65.73,Not placed,0.0,2023,2023-03-28
ST1487,Student_1487,Male,IT,6.51,71.18,66.49,62.99,3,No,4.0,1,3.0,1.0,52.09,Not placed,,2025,2026-01-10
ST0558,Student_0558,Female,ECE,5.96,69.22,80.69,77.33,3,Yes,1.0,4,8.0,9.0,88.86,Not placed,0.0,2025,2024-02-19
ST1234,Student_1234,Male,ECE,6.14,75.16,69.24,85.79,0,No,3.0,5,6.0,3.0,77.74,Placed,9.79,2026,
ST0298,Student_0298,Male,Civil,7.44,79.2,56.43,77.79,1,Yes,4.0,0,8.0,4.0,48.96,Placed,13.57,2023,2023-08-09
ST1432,Student_1432,Male,CSE,6.74,76.14,72.37,78.6,0,No,5.0,3,4.0,9.0,71.65,Not placed,0.0,2023,2025-11-30
ST1266,Student_1266,Male,Civil,6.11,70.71,69.72,61.84,4,Yes,3.0,1,9.0,6.0,71.77,Not placed,0.0,2023,2025-07-29
ST0048,Student_0048,Male,Civil,7.68,89.47,69.08,79.69,1,No,4.0,2,10.0,1.0,52.42,Placed,9.99,2026,2023-02-04
ST0705,Student_0705,Male,CSE,7.26,68.21,74.49,90.56,0,Yes,4.0,4,1.0,5.0,50.52,Placed,11.49,2023,2024-06-07
ST1501,Student_1501,Male,IT,8.1,68.14,61.57,79.88,0,No,4.0,2,5.0,6.0,77.33,Placed,9.95,2026,2026-01-20
ST0265,Student_0265,Male,CSE,7.42,51.13,82.5,80.74,1,No,5.0,2,9.0,1.0,84.96,Not placed,0.0,2025,2023-07-16
ST0875,Student_0875,Female,Mechanical,8.06,72.37,72.34,93.52,0,Yes,2.0,0,4.0,2.0,89.84,Placed,11.94,2024,2024-10-12
ST0455,Student_0455,Male,IT,8.6,68.93,72.33,82.38,1,No,1.0,5,9.0,10.0,80.09,Placed,10.27,2024,2023-12-04
ST0435,Student_0435,Female,Civil,6.6,69.03,90.37,74.41,0,No,4.0,1,2.0,6.0,62.35,Placed,8.77,2024,2023-11-19
ST0606,Student_0606,Male,IT,6.97,68.62,73.93,78.78,0,Yes,4.0,3,6.0,4.0,87.29,Placed,10.37,2024,2024-03-25
ST0636,Student_0636,Female,CSE,8.32,69.29,92.66,100.0,0,No,5.0,1,5.0,3.0,85.75,Placed,11.44,2025,2024-04-17
ST0680,Student_0680,Female,ECE,6.95,66.61,75.0,83.43,0,No,0.0,5,6.0,2.0,58.62,Placed,10.33,2024,2024-05-20
ST1596,Student_1596,Female,IT,8.08,68.88,80.78,80.64,3,Yes,1.0,0,4.0,5.0,64.61,Not placed,0.0,2023,2026-04-01
ST1073,Student_1073,Female,CSE,7.72,57.04,47.14,100.0,0,Yes,1.0,4,7.0,2.0,42.2,Placed,8.89,2024,2025-03-08
ST0744,Student_0744,Male,ECE,6.92,64.45,46.81,76.11,1,No,4.0,1,3.0,4.0,77.76,Not placed,2.0,2024,2024-07-06
ST0417,Student_0417,Male,ECE,6.12,74.53,73.7,91.21,0,No,5.0,6,3.0,9.0,36.89,Placed,10.03,2023,2023-11-06
ST1418,Student_1418,Male,IT,8.97,52.99,43.83,81.85,4,Yes,4.0,5,1.0,4.0,55.8,Placed,12.14,2024,2025-11-19
ST0732,Student_0732,Male,IT,7.98,72.17,59.04,97.18,1,Yes,2.0,0,4.0,3.0,,Placed,0.0,2025,2024-06-27
ST1588,Student_1588,Male,Civil,9.81,81.27,86.68,87.29,2,Yes,4.0,2,10.0,6.0,51.48,Placed,12.89,2026,2026-03-26
ST0118,Student_0118,Female,ECE,6.17,100.0,62.06,100.0,0,No,3.0,5,8.0,8.0,55.0,Placed,10.97,2023,2023-03-29
ST1471,Student_1471,Male,ECE,6.68,63.12,74.54,87.65,0,No,0.0,3,2.0,7.0,65.76,Not placed,,2024,2025-12-29
ST0317,Student_0317,Male,CSE,7.79,76.64,73.02,71.08,0,Yes,2.0,6,6.0,3.0,85.4,Placed,10.94,2025,2023-08-24
ST0071,Student_0071,Female,ECE,9.3,66.37,76.25,78.71,0,No,3.0,3,2.0,5.0,81.32,Not placed,0.0,2023,2023-02-22
ST0320,Student_0320,Female,CSE,6.81,74.42,63.53,76.73,4,Yes,4.0,1,9.0,6.0,40.7,Not placed,0.0,2026,2023-08-26
ST0379,Student_0379,Female,CSE,6.15,73.03,78.88,,0,Yes,3.0,5,5.0,8.0,45.18,Placed,7.2,2024,2023-10-09
ST0021,Student_0021,Female,Civil,7.32,80.15,72.5,83.42,2,Yes,3.0,2,12.0,2.0,80.77,Placed,10.26,2025,2023-01-15
ST0470,Student_0470,Female,CSE,7.01,84.43,69.06,100.0,0,Yes,3.0,6,4.0,8.0,63.65,Placed,9.98,2023,2023-12-15
ST0210,Student_0210,Male,CSE,6.84,75.04,97.55,86.15,0,Yes,3.0,5,1.0,9.0,76.98,Placed,6.09,2024,2023-06-05
ST1291,Student_1291,Male,CSE,6.89,92.85,95.54,83.81,0,No,3.0,6,1.0,3.0,95.27,Not placed,0.0,2023,2025-08-17
ST0576,Student_0576,Female,ECE,8.55,78.79,83.76,60.19,0,No,4.0,4,6.0,7.0,82.96,Not placed,11.48,2024,2024-03-03
ST1122,Student_1122,Male,ECE,7.8,78.51,64.7,85.61,1,Yes,3.0,6,5.0,5.0,49.84,Placed,9.11,2026,2025-04-13
ST0090,Student_0090,Female,Mechanical,7.25,74.12,70.08,83.94,1,Yes,4.0,1,2.0,10.0,65.24,Placed,9.15,2024,
ST1196,Student_1196,Male,Mechanical,7.98,68.16,58.46,76.23,0,Yes,2.0,4,8.0,5.0,66.27,Placed,10.87,2025,2025-06-07
ST1495,Student_1495,Female,Civil,9.4,73.22,72.87,,0,No,3.0,3,10.0,2.0,55.24,Placed,9.61,2025,2026-01-16
ST1498,Student_1498,Female,CSE,8.26,74.8,72.44,90.72,0,No,4.0,2,5.0,1.0,56.83,Placed,11.54,2024,2026-01-18
ST0273,Student_0273,Female,ECE,6.95,65.14,62.64,72.04,1,No,2.0,0,6.0,5.0,35.2,Not placed,0.0,2023,2023-07-22
ST1353,Student_1353,Male,ECE,7.14,85.27,64.43,89.81,0,Yes,3.0,2,6.0,2.0,78.93,Not placed,0.0,2024,2025-10-02
ST0621,Student_0621,Female,CSE,9.26,88.93,100.0,,3,No,0.0,5,6.0,6.0,56.38,Placed,12.94,2023,2024-04-06
ST1057,Student_1057,Female,ECE,6.3,72.79,83.74,98.64,0,Yes,2.0,6,3.0,1.0,50.85,Placed,,2024,2025-02-24
ST1661,Student_1661,Male,Mechanical,8.09,69.47,87.11,70.6,1,No,1.0,0,5.0,6.0,45.4,Not placed,0.0,2025,2026-05-19
ST1527,Student_1527,Male,CSE,7.51,68.71,72.09,78.16,0,No,0.0,1,5.0,6.0,76.87,Placed,7.29,2023,2026-02-08
ST0183,Student_0183,Female,Unknown,7.73,90.59,86.83,77.53,0,No,2.0,5,3.0,2.0,,Placed,12.67,2026,2023-05-16
ST0769,Student_0769,Female,CSE,7.21,76.26,72.27,78.13,2,Yes,3.0,0,5.0,6.0,60.36,Placed,8.73,2026,2024-07-25
ST1123,Student_1123,Male,Civil,8.14,78.42,73.35,85.63,0,Unknown,3.0,0,6.0,2.0,65.16,Placed,10.09,2026,2025-04-14
ST0509,Student_0509,Female,ECE,6.47,71.59,64.68,79.16,1,Yes,0.0,5,3.0,3.0,49.91,Placed,9.42,2024,2024-01-13
ST0023,Student_0023,Female,Civil,7.52,96.84,88.3,64.74,4,No,3.0,4,3.0,9.0,71.64,Placed,5.7,2023,2023-01-17
ST1629,Student_1629,Male,CSE,7.78,74.71,59.89,93.98,1,Yes,3.0,3,8.0,2.0,73.89,Placed,9.33,2023,2026-04-25
ST1063,Student_1063,Male,Mechanical,9.78,73.85,82.79,99.36,0,No,2.0,2,4.0,8.0,,Unknown,11.53,2023,2025-02-28
ST1669,Student_1669,Male,Mechanical,6.51,76.13,77.19,55.13,2,Yes,1.0,3,,3.0,47.78,Placed,9.77,2026,2026-05-25
ST1120,Student_1120,Female,ECE,5.64,73.13,62.07,68.75,1,No,3.0,3,2.0,3.0,49.74,Not placed,0.0,2024,2025-04-12
ST1766,Student_1766,Female,CSE,8.5,80.24,67.5,70.05,0,Yes,5.0,0,4.0,5.0,76.29,Placed,,2026,2026-08-05
ST0354,Student_0354,Female,CSE,6.73,84.73,74.47,79.43,1,Yes,3.0,0,5.0,10.0,74.37,Not placed,0.0,2025,2023-09-20
ST0548,Student_0548,Female,Mechanical,5.94,82.57,70.98,91.36,2,Yes,4.0,3,5.0,6.0,53.24,Placed,,2026,2024-02-11
ST1289,Student_1289,Female,Mechanical,6.21,69.86,87.2,84.85,0,Yes,4.0,3,5.0,9.0,62.77,Placed,7.42,2024,2025-08-15
ST1364,Student_1364,Female,IT,6.96,65.82,86.1,69.24,2,No,3.0,6,3.0,9.0,59.44,Not placed,0.0,2024,2025-10-10
ST0420,Student_0420,Female,CSE,9.59,69.39,75.83,80.1,0,Yes,5.0,5,10.0,5.0,45.73,Placed,11.7,2026,2023-11-08
ST0086,Student_0086,Male,IT,7.77,69.21,80.53,69.2,0,Yes,2.0,2,5.0,8.0,38.66,Placed,12.36,2025,2023-03-05
ST0370,Student_0370,Male,CSE,7.84,67.07,65.1,75.14,0,No,3.0,6,1.0,8.0,94.09,Not placed,11.62,2025,2023-10-02
ST1294,Student_1294,Male,ECE,7.92,65.71,73.36,73.51,0,Yes,5.0,1,9.0,6.0,81.06,Not placed,0.0,2024,2025-08-19
ST0419,Student_0419,Female,CSE,8.52,65.6,56.75,89.76,0,Yes,3.0,4,,1.0,83.01,Placed,12.19,2024,2023-11-07
ST0402,Student_0402,Female,Civil,6.57,63.46,66.98,93.46,0,Yes,3.0,4,5.0,8.0,37.38,Placed,9.81,2025,2023-10-26
ST0734,Student_0734,Female,Mechanical,8.18,,79.59,79.14,0,Yes,2.0,3,2.0,2.0,66.25,Placed,12.41,2024,2024-06-29
ST1020,Student_1020,Male,IT,,79.35,71.03,76.88,0,No,2.0,5,3.0,3.0,75.81,Not placed,0.0,2024,2025-01-27
ST0230,Student_0230,Male,CSE,7.91,75.84,95.59,67.02,0,No,2.0,1,4.0,5.0,58.02,Not placed,1.5,2024,2023-06-20
ST1058,Student_1058,Male,IT,8.39,75.69,60.55,58.59,0,No,3.0,2,8.0,5.0,47.43,Not placed,0.0,2026,2025-02-25
ST0790,Student_0790,Male,Mechanical,8.8,76.12,76.73,75.07,0,No,1.0,4,1.0,5.0,100.0,Placed,12.57,2025,2024-08-09
ST0708,Student_0708,Female,Mechanical,9.13,62.8,69.91,70.13,0,Yes,2.0,0,10.0,7.0,55.18,Not placed,0.0,2023,2024-06-09
ST1457,Student_1457,Female,Civil,6.8,88.51,50.28,73.22,0,Yes,1.0,1,7.0,1.0,91.76,Placed,6.45,2024,2025-12-18
ST1240,Student_1240,Male,Civil,7.63,63.72,82.09,87.8,0,No,1.0,5,4.0,10.0,62.21,Placed,9.23,2024,2025-07-10
ST0250,Student_0250,Male,Civil,7.76,71.57,78.35,70.6,0,Yes,3.0,2,10.0,9.0,48.5,Placed,9.29,2024,2023-07-05
ST0365,Student_0365,Male,CSE,6.24,87.07,73.79,60.65,1,Yes,2.0,2,10.0,9.0,56.2,Placed,,2023,2023-09-28
ST1384,Student_1384,Female,CSE,5.75,76.88,62.56,82.82,3,Yes,5.0,0,3.0,1.0,62.37,Placed,8.92,2023,2025-10-25
ST0271,Student_0271,Female,ECE,6.78,77.44,60.75,71.66,0,Yes,3.0,1,7.0,6.0,94.37,Placed,10.29,2025,
ST0312,Student_0312,Male,IT,8.88,83.92,86.4,75.52,0,No,2.0,3,1.0,1.0,96.95,Not placed,0.0,2026,2023-08-20
ST1094,Student_1094,Male,CSE,8.2,59.01,79.13,91.9,0,Yes,3.0,3,9.0,9.0,61.82,Placed,9.33,2026,2025-03-23
ST1626,Student_1626,Male,CSE,5.53,60.49,82.5,5.0,0,Yes,5.0,4,7.0,6.0,65.26,Placed,8.64,2026,2026-04-23
ST0515,Student_0515,Female,ECE,6.41,55.63,66.35,89.53,0,Yes,2.0,3,4.0,1.0,69.05,Placed,9.74,2026,2024-01-18
ST1044,Student_1044,Male,Mechanical,8.28,54.14,60.15,92.15,1,No,0.0,1,4.0,3.0,62.71,Not placed,0.0,2023,2025-02-14
ST0580,Student_0580,Female,IT,9.06,74.3,73.32,84.15,0,No,0.0,3,9.0,1.0,81.76,Placed,9.17,2025,2024-03-06
ST0501,Student_0501,Male,CSE,7.8,57.19,76.2,,0,No,2.0,1,1.0,7.0,65.7,Not placed,0.0,2024,2024-01-07
ST0189,Student_0189,Male,Civil,6.94,70.45,80.1,77.0,3,No,3.0,1,2.0,5.0,31.55,Not placed,0.0,2023,2023-05-20
ST1137,Student_1137,Male,CSE,6.62,75.31,85.04,70.18,0,Yes,4.0,4,4.0,7.0,44.95,Placed,,2026,2025-04-24
ST1332,Student_1332,Female,Unknown,9.4,67.21,79.57,81.35,0,Yes,3.0,2,9.0,8.0,37.38,Placed,11.8,2025,2025-09-16
ST0479,Student_0479,Male,IT,8.4,80.41,72.3,76.87,3,No,2.0,1,3.0,4.0,56.81,Not placed,0.0,2024,2023-12-22
ST0253,Student_0253,Female,ECE,7.84,66.54,94.91,81.08,0,Yes,5.0,4,4.0,4.0,59.18,Placed,,2023,2023-07-07
ST0335,Student_0335,Female,ECE,8.37,74.4,74.98,75.41,0,Yes,3.0,1,10.0,3.0,78.08,Placed,10.91,2025,2023-09-06
ST1442,Student_1442,Female,CSE,8.81,63.74,70.29,94.79,1,Yes,2.0,6,1.0,7.0,50.85,Not placed,0.0,2026,2025-12-07
ST1068,Student_1068,Male,IT,5.62,100.0,90.3,90.48,1,Yes,2.0,0,9.0,5.0,75.61,Placed,7.37,2024,2025-03-04
ST0911,Student_0911,Male,ECE,8.11,66.94,60.91,72.04,1,Unknown,4.0,3,,1.0,55.92,Not placed,0.0,2025,2024-11-07
ST0833,Student_0833,Male,ECE,6.97,81.72,70.87,66.76,0,Yes,0.0,6,6.0,6.0,74.56,Placed,11.76,2026,2024-09-10
ST1488,Student_1488,Male,ECE,7.22,55.24,90.11,72.65,0,Yes,0.0,4,2.0,1.0,85.31,Placed,8.02,2026,2026-01-10
ST0067,Student_0067,Female,Mechanical,7.93,54.22,100.0,64.27,0,Yes,2.0,6,5.0,5.0,55.74,Placed,7.44,2023,
ST1186,Student_1186,Female,IT,7.92,80.19,58.85,85.67,4,No,5.0,5,8.0,5.0,69.36,Not placed,0.0,2026,2025-05-31
ST0725,Student_0725,Male,CSE,8.72,82.03,56.43,81.15,1,Yes,4.0,6,1.0,6.0,37.59,Placed,10.65,2024,2024-06-22
ST0289,Student_0289,Male,IT,7.89,78.24,71.38,75.51,0,No,0.0,0,4.0,1.0,45.32,Placed,9.13,2026,2023-08-03
ST1701,Student_1701,Male,ECE,7.3,67.6,73.44,79.47,0,Yes,1.0,0,5.0,9.0,66.24,Placed,11.42,2023,2026-06-18
ST1731,Student_1731,Female,ECE,,74.45,66.34,60.74,2,Yes,5.0,0,6.0,6.0,90.76,Not placed,0.0,2023,2026-07-10
ST1416,Student_1416,Female,CSE,7.81,91.75,78.23,78.53,1,No,3.0,3,8.0,10.0,54.12,Placed,11.66,2023,2025-11-18
ST1551,Student_1551,Male,CSE,6.38,94.6,64.48,78.93,0,No,3.0,2,4.0,1.0,42.18,Not placed,0.0,2024,2026-02-26
ST0764,Student_0764,Female,IT,7.72,80.27,80.3,100.0,0,No,3.0,6,7.0,9.0,67.71,Placed,11.17,2023,2024-07-21
ST0140,Student_0140,Male,IT,7.42,85.54,68.75,79.59,2,No,1.0,3,8.0,5.0,68.97,Placed,9.89,2023,2023-04-14
ST0076,Student_0076,Female,CSE,7.97,80.93,74.5,72.69,2,Yes,0.0,6,2.0,5.0,86.93,Placed,9.77,2025,2023-02-25
ST1104,Student_1104,Male,CSE,9.41,80.38,74.2,91.46,0,No,3.0,6,10.0,4.0,39.86,Placed,11.87,2024,2025-03-31
ST0985,Student_0985,Female,CSE,7.89,62.28,51.4,75.68,0,No,2.0,4,1.0,1.0,47.09,Placed,10.96,2024,2025-01-01
ST0535,Student_0535,Male,CSE,7.96,69.2,66.4,71.19,2,No,4.0,0,10.0,10.0,84.59,Placed,12.37,2024,2024-02-02
ST1083,Student_1083,Male,IT,9.17,75.09,63.79,82.19,2,No,2.0,3,7.0,2.0,45.02,Placed,12.2,2024,2025-03-15
ST0614,Student_0614,Female,CSE,8.06,69.02,71.18,75.35,3,No,3.0,6,2.0,1.0,88.21,Placed,10.67,2026,2024-03-31
ST0366,Student_0366,Male,CSE,8.31,59.73,81.12,74.51,1,Yes,2.0,6,3.0,2.0,46.94,Placed,12.4,2024,2023-09-29
ST1313,Student_1313,Male,CSE,7.64,82.51,78.07,79.3,1,Yes,4.0,2,2.0,6.0,47.76,Placed,13.06,2023,2025-09-02
ST0074,Student_0074,Female,CSE,6.21,79.73,93.01,71.51,0,Yes,4.0,2,1.0,1.0,61.15,Placed,7.22,2024,2023-02-24
ST0260,Student_0260,Male,CSE,8.54,74.37,68.67,91.28,1,No,0.0,1,4.0,9.0,69.71,Placed,9.82,2024,2023-07-12
ST1336,Student_1336,Female,ECE,6.16,66.81,62.67,92.72,0,No,4.0,2,8.0,4.0,96.74,Not placed,0.0,2025,2025-09-19
ST1696,Student_1696,Female,Mechanical,8.67,74.02,78.94,81.81,3,Yes,2.0,1,3.0,5.0,61.3,Not placed,0.0,2025,2026-06-14
ST1241,Student_1241,Male,Mechanical,7.42,78.1,61.27,76.2,0,Yes,4.0,4,7.0,9.0,64.09,Placed,12.29,2026,2025-07-11
ST0292,Student_0292,Male,ECE,,83.45,77.39,88.53,2,No,4.0,3,10.0,10.0,63.81,Placed,9.96,2024,2023-08-05
ST0227,Student_0227,Male,CSE,7.13,80.27,71.65,70.44,2,No,1.0,5,9.0,4.0,44.29,Not placed,0.0,2023,
ST1492,Student_1492,Male,Unknown,7.85,63.1,47.98,96.08,1,Yes,1.0,0,8.0,10.0,72.84,Placed,,2023,
ST1074,Student_1074,Male,ECE,8.78,71.7,91.4,84.19,0,Yes,2.0,1,2.0,,64.17,Not placed,0.0,2025,2025-03-09
ST1177,Student_1177,Male,CSE,8.03,64.7,60.2,82.05,0,Yes,3.0,5,4.0,,53.78,Placed,11.49,2023,2025-05-24
ST1674,Student_1674,Male,IT,7.66,84.7,70.98,77.17,0,No,5.0,6,2.0,2.0,90.66,Not placed,0.0,2026,2026-05-29
ST0293,Student_0293,Male,IT,7.27,74.94,100.0,75.06,4,No,0.0,1,7.0,4.0,,Placed,8.66,2025,2023-08-06
ST1540,Student_1540,Male,CSE,7.84,76.25,63.82,87.25,0,No,4.0,1,5.0,5.0,48.64,Placed,12.85,2024,2026-02-18
ST0976,Student_0976,Female,ECE,7.86,84.28,60.21,76.94,0,No,5.0,2,3.0,6.0,42.88,Placed,9.14,2025,2024-12-26
ST1270,Student_1270,Female,IT,7.1,84.26,77.39,91.88,0,No,2.0,0,1.0,10.0,71.18,Placed,6.65,2026,2025-08-01
ST0297,Student_0297,Female,Civil,8.07,93.69,84.79,79.41,1,No,2.0,3,2.0,10.0,27.08,Placed,10.06,2024,2023-08-09
ST1274,Student_1274,Male,Civil,7.4,82.71,70.43,86.35,4,Unknown,3.0,3,5.0,4.0,41.91,Placed,10.39,2024,2025-08-04
ST1376,Student_1376,Male,ECE,6.13,85.82,68.74,72.34,0,Yes,1.0,4,2.0,3.0,55.5,Placed,9.0,2025,2025-10-19
ST0362,Student_0362,Male,Mechanical,6.81,70.7,74.03,90.6,0,Yes,2.0,3,7.0,9.0,55.95,Placed,10.76,2024,2023-09-26
ST0661,Student_0661,Female,IT,8.1,68.86,51.64,,0,No,2.0,0,3.0,9.0,55.74,Placed,8.13,2025,2024-05-05
ST1438,Student_1438,Male,IT,8.57,71.96,71.75,82.97,0,Yes,2.0,4,9.0,3.0,77.02,Placed,10.95,2024,2025-12-04
ST0464,Student_0464,Male,ECE,7.56,69.67,83.53,89.08,1,No,1.0,5,10.0,4.0,78.66,Placed,9.67,2026,2023-12-11
ST1072,Student_1072,Female,Mechanical,7.93,70.47,63.02,72.38,4,No,2.0,1,1.0,6.0,64.98,Not placed,0.0,2023,2025-03-07
ST1141,Student_1141,Female,Civil,7.28,63.21,77.5,91.21,2,Yes,4.0,5,5.0,6.0,56.69,Placed,12.66,2023,2025-04-27
ST0202,Student_0202,Female,Civil,7.43,75.02,64.24,82.43,4,Yes,4.0,2,10.0,2.0,64.48,Not placed,0.0,2024,2023-05-30
ST1787,Student_1787,Female,CSE,7.41,79.5,92.61,77.15,0,Yes,4.0,0,9.0,4.0,35.02,Placed,11.52,2026,2026-08-21
ST0018,Student_0018,Female,Civil,6.67,79.28,75.23,70.19,0,No,0.0,0,6.0,5.0,74.02,Not placed,0.0,2025,2023-01-13
ST1649,Student_1649,Male,IT,5.42,61.52,79.3,69.73,0,Yes,2.0,3,9.0,8.0,61.0,Not placed,0.0,2024,2026-05-10
ST1012,Student_1012,Male,Civil,5.37,72.94,68.68,66.38,0,No,2.0,1,1.0,3.0,63.39,Placed,7.75,2024,2025-01-21
ST1319,Student_1319,Female,Civil,7.11,83.19,59.01,75.01,3,No,3.0,4,1.0,1.0,76.24,Not placed,0.0,2023,2025-09-07
ST0817,Student_0817,Male,CSE,7.59,76.39,55.63,76.24,0,No,3.0,5,6.0,4.0,88.08,Placed,10.01,2025,2024-08-29
ST0418,Student_0418,Female,Mechanical,6.94,59.18,68.91,88.1,4,Yes,4.0,2,7.0,6.0,97.94,Placed,13.25,2026,2023-11-07
ST0917,Student_0917,Female,CSE,8.66,53.22,79.08,86.65,3,No,3.0,3,10.0,8.0,46.16,Not placed,0.0,2025,2024-11-12
ST0624,Student_0624,Female,Unknown,7.35,65.34,81.08,64.8,0,Yes,3.0,5,1.0,9.0,63.3,Placed,9.71,2023,2024-04-08
ST1160,Student_1160,Female,ECE,7.21,67.86,71.94,81.47,0,No,3.0,1,2.0,9.0,78.15,Not placed,0.0,2026,2025-05-12
ST0609,Student_0609,Female,ECE,9.05,72.81,74.53,63.83,4,Yes,3.0,1,3.0,6.0,62.04,Placed,11.19,2025,2024-03-28
ST0776,Student_0776,Male,IT,8.25,73.71,70.16,87.98,0,Yes,0.0,4,10.0,4.0,56.32,Placed,11.88,2025,2024-07-30
ST0762,Student_0762,Female,ECE,5.37,77.43,63.03,100.0,2,Yes,2.0,0,7.0,6.0,62.97,Placed,6.45,2024,2024-07-19
ST0481,Student_0481,Female,CSE,8.15,68.32,83.82,77.12,0,Yes,2.0,1,3.0,1.0,49.55,Placed,8.9,2024,2023-12-23
ST1052,Student_1052,Male,CSE,8.02,83.87,73.1,73.82,0,No,2.0,0,1.0,5.0,69.93,Not placed,9.5,2026,2025-02-20
ST0718,Student_0718,Female,ECE,6.66,74.65,67.93,76.0,0,No,1.0,3,4.0,1.0,61.09,Not placed,0.0,2025,2024-06-17
ST0439,Student_0439,Male,CSE,8.36,68.28,71.22,75.95,4,No,1.0,4,7.0,1.0,32.35,Placed,13.2,2023,2023-11-22
ST0643,Student_0643,Female,ECE,7.32,83.09,85.31,82.63,0,No,0.0,1,3.0,4.0,100.0,Not placed,0.0,2024,2024-04-22
ST0029,Student_0029,Female,ECE,8.78,86.17,67.29,71.32,0,Yes,3.0,1,1.0,7.0,51.81,Placed,12.91,2026,2023-01-21
ST1024,Student_1024,Female,Unknown,7.13,84.7,77.02,80.08,0,Yes,5.0,0,9.0,2.0,73.95,Placed,11.67,2026,2025-01-30
ST1460,Student_1460,Male,CSE,7.1,53.22,50.72,75.55,0,No,4.0,4,10.0,8.0,67.17,Not placed,0.0,2023,2025-12-21
ST1437,Student_1437,Female,IT,7.73,88.63,93.88,,0,Yes,4.0,4,2.0,3.0,52.25,Placed,8.55,2026,2025-12-04
ST0629,Student_0629,Male,Mechanical,6.37,69.62,51.2,84.36,2,Yes,4.0,0,4.0,7.0,85.45,Placed,7.15,2025,2024-04-12
ST1566,Student_1566,Male,CSE,7.18,62.24,68.39,81.56,0,No,2.0,0,7.0,8.0,52.31,Placed,10.88,2025,2026-03-09
ST0334,Student_0334,Male,CSE,6.26,72.08,99.27,73.57,0,No,4.0,2,1.0,3.0,67.31,Not placed,0.0,2025,2023-09-05
ST0078,Student_0078,Female,CSE,7.86,68.7,69.03,73.63,0,Yes,4.0,6,8.0,2.0,58.84,Not placed,0.0,2023,2023-02-27
ST0953,Student_0953,Male,Civil,5.53,66.48,80.87,99.13,0,Yes,1.0,0,10.0,6.0,55.79,Placed,10.84,2023,2024-12-09
ST0795,Student_0795,Male,IT,7.59,74.19,85.32,80.66,0,No,1.0,4,4.0,4.0,77.74,Placed,11.54,2023,2024-08-13
ST1415,Student_1415,Female,Civil,8.88,71.71,76.41,70.12,0,Yes,3.0,6,3.0,7.0,51.4,Placed,12.01,2025,2025-11-17
ST0258,Student_0258,Female,Civil,6.58,67.84,73.45,73.62,1,No,2.0,1,2.0,3.0,67.15,Placed,10.79,2023,2023-07-11
